text,emotion
polisi harus tindak tegas oknum ormas,trust
polisi kalau tidak pakai sogokan makan dari mana?!,anger
adi polisi kok jadi pelaku pemerasan juga!,anger
brengsek! ini polisi kenapa lama sekali gerak,anger
pecat saja! banyak orang baik yang mau jadi polisi tapi gagal,anger
polisi sebenarnya fungsinya apa?!,netral
kami harap pak polisi segera menangkap pemilik akun ini,trust
saya kesal sekali sama polisi kalau tidak ada uang kasus tidak akan di urus,anger
kasihan polisi yang bener-bener baik dan jujur,sadness
sumpah ya polisi kenapa sih?!,netral
polisi tolol banget,anger
yang benar saja pak polisi jangan sampai kepanjangan dari polisi menjadi perkumpulan orang licik seluruh indonesia,anger
senangnya anak yatim kota kediri diajak polisi belanja baju lebaran di mall,joy
aparat polisi bangsat!,anger
kami bangga melihat polisi punya simpati pada begitu banyak orang,joy
polisi isinya oknum semua!,anger
polisi harus tangkap dan tindak tegas pelaku penganiaya anak kecil,trust
polisi goblok!,anger
"sudah bukan rahasia umum lagi hilang motor lapor polisi pasti hilang mobil, biadab",anger
polisi cepatlah bertindak masa harus viral dulu,anger
lembaga negara yang paling tidak bisa di percaya adalah polisi,anger
memang keren Polisi Indonesia,joy
hebat polisi bisa berpikir cepat,joy
cara polisi cari pelaku keren banget,joy
jaya terus polisi indonesia,joy
polisi pasti bisa menertibkan mobil para pengacau jalanan,trust
terima kasih banyak bapak polisi sudah melaksanakan pengamanan,trust
pecat saja oknum polisi begitu,anger
kita terus berharap ada anggota polisi memiliki hati nurani,trust
gue sedih banget kinerja kepolisian,sadness
mantap pak polisi,joy
polisi bisa mengayomi dan membuat aman,trust
polisi memang ramah langsung minta maaf karena tidak bisa membantu,trust
antara marah kecewa tidak percaya semua jadi satu,anger
benar-benar kecewa sama polisi,sadness
saya kecewa hari ini kepada polisi,sadness
saya sebagai rakyat kecewa dengan kinerja polisi,sadness
kecewa kinerja polisi lambat mengembangkan kasus ,sadness
kami sebagai masyarakat kecewa sama kepolisian,sadness
terus terang kami kecewa terhadap polisi,sadness
saya sedih marah dan kecewa kepada siapa lagi rakyat mengadu pak,sadness
tolong dong pak dibuktikan kalau hoax dengan bukti-bukti yang valid biar rakyat bisa percaya,trust
polisi membatalkan konser untuk ahmad dhani membuat ribuan peserta kecewa,sadness
semoga citra kalian semakin buruk!,anger
kecewa saya sama penguasa dan polisi,sadness
saya berharap lebih di kasus ini jadi kecewa sama polisi,sadness
demi allah saya sedih kecewa dan marah pada polisi,sadness
jangan buat kami kecewa dan sakit hati pada kamu pak polisi,sadness
aku kecewa banget sikap polisi,sadness
kecewa dengan polisi karena intel cuma datang bilang sabar,sadness
siti rusmini kecewa karena laporan kekerasan dalam rumah tangga mengendap di kantor polisi,sadness
segel mobil box pengiriman surat suara rusak bawaslu kecewa polisi tidak mengkawal pengiriman suaranya,sadness
pengalaman baru lagi mengurus tilang sejauh ini masih sangat kecewa dengan polisi,sadness
Kenapa polisi selalu membuat rakyat kecewa,sadness
ibu korban kecewa polisi hentikan kasus dugaan pencabulan anak,sadness
kecewa dengan penanganan polisi yang dinilai,sadness
kecewa polisi hentikan kasus kepala sekolah cabul,sadness
panitia kecewa karena polisi menghadang peserta luar kota yang akan bergabung,sadness
saya kecewa sekali kost saya kemalingan lapor ke kantor polisi tapi tidak ada yang mengangkat,sadness
penampilannya dihentikan polisi sheila on 7 kecewa terhadap toleransi aparat,sadness
kecewa aja liat polisi tidak ada tegasnya,sadness
sebenarnya cukup kecewa dengan keadaan jalan karena tidak ada polisi,sadness
kecewa dengan kinerja polisi,sadness
kecewa polisi malas mengungkap kejahatan,sadness
sedih polisi tangguhkan pelaku pengeroyokan tempat hiburan malam,sadness
masyarakat kecewa dengan polisi,sadness
orator aksi kecewa dihalau polisi,sadness
jangan terlalu berharap banyak dari polisi ujungnya kecewa,sadness
tak berharap banyak dari polisi nanti kecewa,sadness
keluarga tabrak lari kecewa laporan ke polisi tidak direspon,sadness
kecewa banget sama polisi ,sadness
saya kecewa polisi menetapkan tersangka yang salah,sadness
saya termasuk orang yang kecewa dengan polisi,sadness
melihat sikap polisi beberapa waktu ini jadi kecewa,sadness
saya kecewa dan marah karena Polisi tidak melanjutkan kasus tersebut,anger
pasti pak polisi bisa membantu bapak,trust
yang lebih buat saya kecewa adalah tindakan polisi,sadness
kecewa dengan pihak polisi kenapa jadi serumit ini,sadness
kecewa polisi belum tangkap pelaku,sadness
Pelaku Penyerangan Tak Kunjung Ditangkap rakyat Kecewa sama Polisi,sadness
Ketiga korban persekusi mengaku kecewa dengan Kepala Pos Polisi,sadness
polisi jujur adil dan tegas,trust
Ini sungguh tidak adil brengsek kalian polisi,anger
Yang jujur dan adil ya pak Polisi semoga amanah dan sukses,trust
perlu aparat kepolisian demi menjaga keamanan kedamaian,trust
keren sekali pak polisi menjaga pemilu aman damai jujur dan adil,joy
Polisi harus segera usut dan proses dengan adil,trust
Polisi ini memang biang masalah,anger
Jadilah polisi yang amanah jujur adil,trust
dari dulu polisi itu menakutkan,fear
Jadi polisi harus jujur dan adil,trust
Polisi itu baik jujur dan adil,trust
Saya yakin Polisi sebagai pengayom masyarakat akan dapat benar-benar menjadi kebanggaan rakyat Indonesia,trust
Dan penegak hukum sangat adil polisi semua jujur,trust
Polisi kita jujur membela rakyat kecil,trust
saya yakin Polisi Kita bersih dari uang haram ,trust
polisi kita bersih jujur dan adil,trust
Dimana adanya polisi yang jujur,sadness
tetap jadilah polisi yang jujur baik bijaksana dan adil dalam bertugas,trust
Ikut senang cuma karena melihat kejujuran masih ada nilainya ternyata,joy
Dan ternyata polisi jujur masih dan mau tulus minta maaf ada juga,trust
Polisi buktikan institusi polisi menegak kan adil jujur tanpa ada intimidasi dari pihak mana pun.,trust
masih ada polisi yang jujur adil dan tegas,trust
semakin tidak percaya dengan kinerja polisi sungguh tidak adil,sadness
Teruntuk polisi-polisi yang jujur adil dan bekerja semaksimal mungkin saya ucapkan banyak terimakasih,trust
Sungguh polri mengecewakan rakyat,sadness
Masih banyak polisi kita yang sangat jujur dan adil sopan ramah,trust
saya dan mungkin jutaan orang mulai percaya pada polisi,trust
Polisi memang semestinya berani baik jujur dan berlaku adil,trust
kita rakyat pasti mendukung polisi yang jujur adil dan berani demi kebenaran,trust
Hukum indonesia butuh polisi yang jujur dan adil,trust
Polisi harus jujur dan adil,trust
Saya dukung selama kerja polisi jujur dan adil serta manusiawi,trust
Terima kasih karena Polri telah menjadi lembaga yang menjaga dan mewujudkan pemilu yang jujur dan adil,trust
Polisi Indonesia itu tegas jujur dan adil,trust
Terima kasih pak polisi sudah selalu jujur dan adil,trust
Susah sekarang cari polisi yang jujur dan adil,sadness
permasalahan bangsa ini adalah Penegak Hukum atau Polisi saat ini TIDAK DIPERCAYA oleh Rakyat,sadness
Prihatin polisi yang jujur dan adil sudah sangat minim sekarang,sadness
tambahkan kinerja polisi jadilah polisi yang jujur adil melindungi rakyat,trust
polisi harus bersikap adil dan benar dan yang penting jujur untuk kasus ini,trust
Polisi zaman sakarang sudah JUJUR dan ADIL,trust
Masyarakat Indonesia semua senang ada polisi yang jujur dan adil,joy
senang sekali Polri gelar Bakti sosial untuk ringankan beban masyarakat,joy
Sepertinya sekarang polisi sudah jadi alat kekuasaan bukan lagi sebagai penegak hukum yang amanah jujur dan adil buat semua,sadness
sebegitu saya mengagumi polisi tapi anda sebagai polisi tidak bekerja secara jujur dan adil tolong selesaikan sesuai hukum!,sadness
Polri Bertindaklah jujur dan adil jangan sampai hukum dijadikan alat kekuasaan dan menindas mereka yang lemah,trust
menjadi Polisi yg baik jujur serta bisa berlaku Adil,trust
polisi menjalin silaturahmi dengan masyarakat sekaligus mendengarkan keluh kesah dan aspirasi masyarakat,trust
bekerja sebagai polisi punya integritas dan kinerja yang sangat baik dan bisa diandalkan.,trust
sedih sekali polisi berulah menerima sogokan dari perusahaan,sadness
maka dari itu kinerja polisi sudah semakin baik,trust
Masyarakat Puas Atas Kinerja Polri Amankan Pemilu,joy
Masih percaya sama kinerja Polisi,trust
Berhenti berharap dengan kinerja polisi lebih baik masyarakat yang bergerak,sadness
saya benci kinerja polisi soal pencurian motor atau mobil,anger
yang terpenting semakin meningkatkan kinerja polisi,trust
lihat pak kinerja polisi hancur,sadness
apresiasi yang mendalam terhadap dedikasi dan kinerja yang luar biasa dari Polisi,joy
saya selalu sakit hati kalo mengingat kinerja polisi di negara sendiri,sadness
Hebat kinerja polisi dalam menangkap pelaku kriminal,joy
sangat kecewa dengan kinerja polisi,sadness
senang sekali dengan kinerja polisi yang mampu menangkap pengedar,joy
salut dan bangga selalu dengan kinerja pak polisi Bersama Berantas Kriminalitas,joy
Patut diapresiasi atas kinerja polisi yang bergerak cepat menangkap pengedar narkoba,joy
salut sama kinerja bapak polisi yang selalu tanggap menyelesaikan berbagai masalah,joy
apresiasi untuk polisi yang sudah berjasa dengan membongkar kasus narkoba,joy
Ayo Pak Polisi berantas habis para pelaku narkoba,trust
Kami bangga sekali dengan kinerja polisi,joy
Saya semakin yakin kinerja polri akan lebih baik polisi,trust
kecewa kinerja polisi buruk,sadness
senang dengan kejujuran dan integritas yang kuat dalam tubuh Kepolisian.,joy
jadi merasa aman karena Polisi ada dalam menjaga Keamanan dan Kenyamanan masyarakat,trust
 polisi Kinerja kayak tai,anger
kinerja polisi di masa depan makin bagus,trust
senang rasanya polisi mendengarkan keluh kesah masyarakat dan mengayomi masyarakat,joy
mantul sekali kinerja polisi,joy
Publik Puas Atas Kinerja Polisi,joy
Terima kasih pak polisi,joy
Terima kasih Polisi yang baik,joy
Alhamdulillah terima kasih pak polisi,joy
pak polisi terima kasih,joy
Terima kasih pak kapolresta atas kepedulian terhadap Fasilitas Publik,joy
Polisi peduli kebersihan keindahan Kota Terima kasih Pak,joy
Terima kasih Polisi yang peduli kebersihan keindahan Kota,joy
terima kasih pak polisi udah bersiap siaga mengamankan arus mudik balik semoga diberikan kesehatan dan kelancaran dalam bertugas,joy
Mantep betul polisi mempersiapkan dengan matang untuk lebaran tahun,joy
Terima kasih pak Polisi saya pulang mudik sudah tidak macet lagi lancar sekali perjalanan saya,joy
saya pulang mudik sudah tidak macet lagi lancar sekali perjalanan saya terima kasih pak polisi,joy
alhamdulillah di mudik tahun sekarang sudah banyak kemajuan terima kasih pak polisi,joy
mantap deh pokoknya pak polisi,joy
Terima kasih pak polisi semoga anda selalu diberi kesehatan dan dilancarkan rejekinya,joy
Terima kasih pak Polisi mudik lancar dan aman tanpa macet seperti tahun sebelumnya ditangani dengan baik dan luar biasa,joy
Terima kasih Pak Polisi sudah memberikan pelayanan terbaik kepada masyarakat,joy
Memang mantap penanganan mudik dari polisi,joy
terima kasih pak polisi sehat selalu dalam melaksanakan tugasnya.,joy
kami masyarakat terima kasih atas pelayanannya pak polisi,joy
Terima kasih pak Polisi senang sekali mudik bisa lancar dan aman tanpa macet,joy
Alhamdulillah mudik dijaga pak polisi terima kasih pak atas dedikasinya,joy
Jangan Pernah Berhenti Berbuat Baik kepada Sesama Pak polisi,trust
kami mengucapkan terima kasih kepada seluruh jajaran Polri di seluruh Indonesia,joy
Terima kasih pak polisi telah memberikan rasa aman dan nyaman disetiap perjalanan kami.,joy
Terima kasih pak Polisi mudik tahun ini gak kena macet dan lacar banget pokoknya tetap semangat deh buat pak Polisi dalam bertugas.,joy
Mantap Mudik balik lebaran kami sekeluarga aman dan lancar,joy
terima kasih pak dan bu polisi yang bertugas,joy
hebat pak polisi Arus mudik balik lebaran aman dan nyaman Terima kasih polri,joy
Terima kasih pak polisi yang ngatur jalan,joy
Terima kasih sudah menjaga keamanan dan kenyamanan,joy
Terima kasih bapak polisi semua sehat terus pak,joy
terima kasih bapak polisi telah siap sedia selalu untuk mengamankan semuanya dengan baik,joy
Terima kasih pak polisi yang selalu memberikan pelayanan terbaik kepada kami,joy
Terima Kasih Pak Polisi mudik jadi tenang aman terkendali,joy
Terima kasih Pak polisi telah mengamankan Mudik kami,joy
terima kasih Polisi Indonesia dedikasimu melindungi masyarakat patut diacungi jempol,joy
Terima kasih polisi wanita,joy
Terima Kasih Untuk Dukungannya Pak Polisi,joy
Terima Kasih Bapak Polisi,joy
Terima Kasih Ibu Polisi,joy
Terima kasih bu polisi,joy
Terima kasih para polwan,joy
Terima kasih polwan,joy
Polisi begini cepat tanggap dan peka Terima kasih pak polisi kalian sudah bekerja keras,joy
Polisi begini nih cepat tanggap dan peka,joy
Terima kasih pak polisi kalian sudah bekerja keras,joy
Disaat kami terancam kalian ada untuk melindungi kita Terima kasih pak polisi dan pak TNI Semangat terus,joy
Terima kasih pak polisi sudah mewakili kami semua,joy
Terima Kasih pak polisi terbaik,joy
Semoga kepolisian makin profesional dalam tugasnya.,netral
"Tugas polisi memang berat, semoga bisa lebih baik ke depannya.",netral
"Keamanan itu penting, semoga polisi bisa tetap sigap!",netral
"Polisi punya peran besar di masyarakat, semoga makin transparan!",netral
"Setiap tugas pasti ada tantangannya, semoga polisi makin kompeten!",netral
Semoga semua laporan masyarakat ditindaklanjuti dengan cepat.,netral
"Setiap kasus pasti ada prosesnya, semoga ditangani dengan baik.",netral
Kinerja kepolisian perlu dievaluasi secara berkala biar makin optimal!,netral
"Gimana pun juga, keamanan masyarakat ada di tangan polisi.",netral
Semoga makin banyak polisi yang benar-benar menjalankan tugasnya dengan baik!,netral
Masyarakat butuh kepolisian yang responsif dan tegas.,netral
Polisi perlu beradaptasi dengan perkembangan zaman biar makin efektif.,netral
Pelayanan kepolisian harus lebih cepat dan transparan!,netral
Keamanan yang baik butuh kerja sama polisi dan masyarakat.,netral
Polisi harus jadi contoh dalam menaati hukum.,netral
Setiap kasus yang ditangani polisi harus jelas dan transparan.,netral
Semoga polisi bisa makin dekat dengan masyarakat!,netral
Profesionalitas dalam bertugas adalah kunci kepercayaan publik.,netral
"Makin tegas, makin transparan, makin dipercaya!",netral
"Tugas polisi berat, tapi tetap harus akuntabel!",netral
"Polisi juga manusia, tapi tetap harus menjalankan tugas dengan benar.",netral
Semoga makin banyak polisi yang jujur dan berintegritas!,netral
Ketegasan polisi harus selalu seimbang dengan keadilan.,netral
Harus ada perbaikan terus-menerus dalam sistem kepolisian.,netral
"Jangan lupa, polisi juga pelindung rakyat!",netral
Pelayanan publik yang baik akan meningkatkan kepercayaan masyarakat.,netral
Polisi yang baik pasti dicintai rakyat!,netral
Semoga reformasi kepolisian terus berjalan ke arah yang lebih baik!,netral
Tugas berat polisi harus diimbangi dengan tanggung jawab yang besar.,netral
"Hukum harus ditegakkan tanpa pandang bulu, polisi punya peran besar!",netral
"Polisi juga manusia, tapi tetap harus profesional dalam bekerja.",netral
"Semakin cepat respons kepolisian, semakin baik untuk masyarakat.",netral
Kepolisian perlu lebih transparan dalam menangani kasus!,netral
Penegakan hukum harus terus ditingkatkan demi keamanan bersama.,netral
Kepolisian yang baik harus bisa melayani masyarakat dengan sepenuh hati.,netral
Setiap laporan harus ditindaklanjuti biar masyarakat merasa aman!,netral
Kinerja polisi harus terus dievaluasi biar lebih efektif!,netral
"Ketegasan polisi penting, tapi jangan sampai merugikan masyarakat.",netral
Terima Kasih buat polisi yang membantu mengamankan,joy
terima kasih atas kinerjanya bapak polisi ,joy
Terima kasih pak Polisi karena sudah menyelamatkan para korban ,joy
Terima kasih Polres Serang sudah menjaga kondusifitas kotanya.,joy
Keren terima kasih bapak polisi,joy
Good job Pak Polisi terima kasih sudah mengevakuasi pelaku,joy
Terima kasih pak polisi semoga cepat diusut tuntas.,joy
Terima kasih bapak polisi yang rela membantu warga,joy
Sekali lagi terima kasih pak Polisi sudah menginspirasi kita semua,joy
terima kasih Bapak polisi yang sudah membantu,joy
salut banget sama pak polisi terima kasih pak,joy
Terima kasih pak polisi yang menjaga terus tanpa lelah,joy
Terima kasih polisi baik,joy
Terima kasih pak Polisi untuk kronologinya,joy
Terima kasih Polri atas upaya yang dilakukan untuk menghormati jasa-jasa pahlawan kita,joy
Terima kasih pak Polisi yang sudah menjalankan tugasnya mengawal,joy
keren nih programnya terima kasih pak polisi terus Berkarya Berinovasi Mengayomi,joy
Teruslah Berkarya Berinovasi Mengayomi terima kasih pak polisi sehat selalu,joy
Terima kasih banyak buat Pak Polisi yang hari ini telah membantu saya ,joy
terima kasih bapak kapolri atas komitmennya Polisi Jaga Persatuan dan kesatuan bangsa,joy
bangga pak polisi melayani dengan hati melakukan tugas penuh amanah,joy
Luar biasa cepat tanggap bapak polisi,joy
Terima kasih pak polisi yang bergerak dengan cepat,joy
Dukungan Ini Merupakan Wujud Terima Kasih Sebab Kebaikan Polisi,joy
Terima kasih sarannya pak polisi,joy
Wah terima kasih pak polisi saya jadi terharu,joy
Mantap Terima kasih pak polisi sudah menangkap Pelaku,joy
Hadir disaat dibutuhkan terima kasih ibu Polwan,joy
Hadir ditengah masyarakat terima kasih Polri,joy
Memanusiakan manusia terima kasih Polri,joy
Jiwa raga untuk kemanusiaan terima kasih Polri telah peduli,joy
Terima kasih Polri telah berbagi buku sekaligus ilmu,joy
Terima kasih telah hadir ditengah masyarakat,joy
Berbagi buku sekaligus ilmu terima kasih Polri,joy
Terima kasih Polisi yang selalu hadir ditengah masyarakat,joy
jarang terlihat dilayar kaca tapi nyata dilapangan Terima kasih Polisi Baik,joy
terima kasih pak kapolres kami masyarakat banyak-banyak terima kasih atas bantunnya,joy
Terima kasih bapak polisi sudah mewakili kami,joy
Mantap langsung ketahuan Terima kasih polisi,joy
Ini Polisinya wajib dikasih penghargaan karena hal hal begini saja menjadi perhatiannya,joy
jarang jarang Pak Polisi seperti ini Terima kasih Polri semoga semakin sejahtera ,joy
Terima kasih pak polisi Sudah membantu Mengamankan,joy
TERIMA kasih polisi baik Salut,joy
Alhamdulillah terima kasih pak Polisi hukum seberat beratmya mahluk kayak dia,anger
sekali lagi polisi goblok terima kasih.,joy
Terima kasih pak polisi hadapi dengan senyuman setiap melaksanakan tugas,joy
Terima kasih pak polisi sudah mengungkap kebenaran ,joy
Terima kasih polisi dan Relawan telah bekerja semaksimal mungkin,joy
TERIMA KASIH BAPAK POLISI SUDAH MENEGAKKAN KEADILAN ,joy
Terima kasih atas bantuannya Pak polisi,joy
Terima kasih Pak Polisi dan Bu Polisi yang standby setiap malam,joy
terima kasih pak polisi sudah turut membantu evakuasi,joy
Terima kasih atas dedikasi dan kontribusimu pak polisi,joy
terima kasih pak polisi yang selalu Siaga membantu masyarakat mari kita Bersama Saling Waspada,joy
Terima kasih kepada para polisi yang sudah membantu warga,joy
Terima kasih kepada polisi yang selalu berjuang untuk menjaga keamanan kita semua,joy
Terima kasih kepada polisi yang bekerja keras dalam menjaga perbatasan laut kita,joy
Terima kasih Bapak polisi atas himbauan yang sangat bagus ini.,joy
Terima kasih kepada polisi yang telah bekerja keras untuk menyelesaikan kasus ini,joy
Terima kasih Bapak polisi sudah bertindak tegas,joy
"Semakin profesional, semakin dihormati!",netral
"Jangan hanya penindakan, polisi juga harus mendidik masyarakat!",netral
"Makin baik pelayanan, makin tinggi kepercayaan masyarakat.",netral
Penting buat polisi untuk menjaga netralitas dalam bertugas!,netral
Penegakan hukum yang adil akan bikin masyarakat lebih percaya sama polisi.,netral
Semoga polisi selalu mengutamakan keadilan dalam setiap tindakan.,netral
"Polisi adalah pelindung rakyat, bukan sebaliknya.",netral
Kinerja polisi menentukan rasa aman masyarakat.,netral
Polisi memiliki tugas utama menegakkan hukum dan menjaga ketertiban,netral
akhirnya motor saya balik terima kasih pak polisi,joy
Salut Polisi Tolong Sopir Truk Kontainer yang Pingsan,joy
akhirnya kena juga Terima Kasih Pak Polisi.,joy
Terima kasih pak polisi selalu hadir melayani,joy
terima kasih polisi yang Selalu Hadir Melayani dan dengan Pengabdian Sepenuh Hati,joy
Terima kasih kepada polisi yang bekerja keras untuk mengungkap kasus ini,joy
terima kasih polisi selalu Bersama Cegah Kejahatan semoga untuk kedepannya kejahatan yang lain bisa terungkap,joy
terima kasih polisi selalu Cegah Kejahatan,joy
Aku benar-benar kecewa dengan kinerja kepolisian,sadness
Kinerja kepolisian bikin aku sedih banget,sadness
Aku merasa sangat sedih melihat cara kerja kepolisian.,sadness
Kepolisian bekerja dengan cara yang bikin aku benar-benar sedih.,sadness
"Aku nggak habis pikir dengan kinerja kepolisian, rasanya sedih banget.",sadness
Saya sangat kecewa dengan kinerja kepolisian dan berharap ada perbaikan.,sadness
Kinerja kepolisian saat ini kurang memuaskan dan perlu evaluasi.,sadness
Penegakan hukum seharusnya dilakukan dengan lebih adil dan transparan.,trust
Saya berharap kepolisian bisa lebih profesional dalam menjalankan tugasnya.,trust
Kepercayaan masyarakat pada kepolisian harus dijaga dengan tindakan nyata.,trust
Saya sangat geram dengan kinerja kepolisian yang semakin mengecewakan.,anger
Bagaimana mungkin kepolisian terus bekerja dengan cara yang semrawut seperti ini,anger
Kinerja kepolisian benar-benar membuat saya frustrasi! Seharusnya mereka lebih bertanggung jawab.,anger
Saya muak melihat bagaimana kepolisian menegakkan hukum dengan standar ganda.,anger
"Sebagai aparat penegak hukum, kepolisian seharusnya malu dengan cara mereka bekerja saat ini.",anger
Saya benar-benar kecewa dengan bagaimana kepolisian menangani masalah ini.,sadness
Keputusan yang diambil kepolisian sungguh mengecewakan dan tidak mencerminkan keadilan.,sadness
Sulit dipercaya bahwa kepolisian masih bekerja dengan cara yang begitu tidak profesional.,sadness
"Sebagai masyarakat, kami merasa dikhianati oleh kepolisian yang seharusnya melindungi, bukan merugikan.",sadness
Harus sampai kapan kepolisian terus mengabaikan keadilan dan kepentingan masyarakat,anger
"Saya sedih melihat kepolisian yang seharusnya melindungi rakyat, tapi malah mengecewakan.",sadness
Miris rasanya melihat hukum tidak ditegakkan dengan adil oleh kepolisian.,sadness
"Seharusnya kepolisian menjadi pelindung, bukan sumber ketidakadilan.",sadness
Saya kehilangan harapan melihat banyak kasus yang tidak ditangani dengan serius.,sadness
Kepolisian yang seharusnya menjadi harapan rakyat kini justru sering mengecewakan.,sadness
Sungguh menyedihkan ketika rakyat takut melapor karena tidak percaya pada kepolisian.,sadness
"Setiap kali ada kasus yang dibiarkan begitu saja, saya semakin kecewa.",sadness
Rasanya menyakitkan melihat oknum kepolisian yang menyalahgunakan wewenang.,sadness
Kenapa keadilan terasa begitu jauh ketika berurusan dengan kepolisian,sadness
Saya hanya bisa berharap suatu hari kepolisian benar-benar berpihak pada rakyat.,trust
Saya takut melapor ke polisi karena khawatir tidak mendapatkan keadilan.,fear
Sering kali saya merasa lebih aman diam daripada berurusan dengan kepolisian.,fear
Bagaimana bisa kita merasa terlindungi jika polisi sendiri menimbulkan ketakutan?,fear
"Saya khawatir jika berbicara terlalu keras, justru saya yang akan disalahkan.",fear
"Melihat kasus-kasus yang tidak ditangani dengan benar, saya jadi takut akan masa depan hukum di negara ini.",fear
Kadang saya takut bahwa hukum hanya berpihak pada mereka yang punya kuasa.,fear
Banyak yang takut melawan ketidakadilan karena polisi justru membela yang salah.,fear
"Rasanya menegangkan setiap kali melihat ada razia, meskipun tidak melakukan kesalahan.",fear
"Keamanan seharusnya datang dari kepolisian, bukan justru rasa cemas.",fear
"Saya takut jika suatu hari saya membutuhkan bantuan polisi, tapi mereka tidak peduli.",fear
Saya masih percaya bahwa kepolisian bisa berubah menjadi lebih baik.,trust
"Meskipun banyak kritik, saya yakin masih ada polisi yang benar-benar jujur.",trust
"Kepercayaan masyarakat harus dijaga, dan saya berharap kepolisian terus berbenah.",trust
Saya percaya bahwa masih ada polisi yang bekerja dengan hati nurani.,trust
"Banyak polisi baik di luar sana, mereka hanya perlu didukung dan diperlihatkan.",trust
Kejujuran dan integritas masih bisa ditegakkan jika ada niat dari dalam kepolisian sendiri.,trust
Saya yakin kepolisian bisa membuktikan bahwa mereka adalah penjaga keadilan.,trust
"Sebagian polisi masih bekerja dengan baik, dan mereka yang jujur harus didukung.",trust
Saya percaya hukum bisa berjalan dengan adil jika kepolisian benar-benar berkomitmen.,trust
"Selama masih ada polisi yang peduli dengan keadilan, masih ada harapan untuk negeri ini.",trust
saya semakin kecewa dengan kinerja kalian pak,sadness
"Saya takut melapor ke polisi, takut malah dipersulit.",fear
Berurusan dengan polisi sering kali bikin cemas.,fear
Takut kalau keadilan hanya milik yang berkuasa.,fear
"Melapor ke polisi, tapi takut malah jadi tersangka.",fear
Melihat razia polisi saja sudah bikin deg-degan.,fear
Saya takut polisi lebih membela yang punya uang.,fear
Kadang lebih aman diam daripada berurusan dengan polisi.,fear
Saya takut hukum tidak akan melindungi rakyat kecil.,fear
Sering kali rakyat takut bersuara karena polisi.,fear
Saya takut polisi lebih berpihak pada kepentingan sendiri.,fear
Takut kalau polisi tidak benar-benar menegakkan hukum.,fear
Bagaimana bisa merasa aman kalau polisi pun tak bisa dipercaya?,fear
Saya takut keadilan bisa dibeli dengan uang.,fear
"Polisi seharusnya melindungi, tapi kenapa malah bikin takut?",fear
Takut kalau polisi justru menyalahgunakan kekuasaannya.,fear
"Berharap polisi adil, tapi takut itu hanya mimpi.",fear
Saya takut suatu hari polisi benar-benar kehilangan kepercayaan rakyat.,fear
Takut melapor karena tidak yakin akan ada tindakan yang adil.,fear
Hukum terasa menakutkan ketika tidak ditegakkan dengan benar.,fear
Kadang lebih takut sama polisi daripada sama penjahat.,fear
Saya takut melapor ke polisi karena sering kali korban justru tidak mendapatkan perlindungan yang layak.,fear
"Setiap kali ada razia atau patroli, saya merasa cemas, meskipun saya tidak melakukan kesalahan.",fear
Banyak orang ragu untuk meminta bantuan polisi karena takut dipersulit atau tidak dianggap serius.,fear
Saya merasa takut jika suatu saat berhadapan dengan polisi yang tidak profesional dan menyalahgunakan wewenangnya.,fear
"Menegakkan keadilan seharusnya tidak membuat rakyat takut, tetapi sayangnya, banyak yang justru merasa sebaliknya.",fear
"Saya takut berbicara terlalu kritis tentang kepolisian, karena bisa saja saya yang malah mendapat masalah.",fear
Bagaimana bisa kita merasa aman jika aparat yang seharusnya melindungi justru sering bertindak semena-mena?,fear
"Saya selalu khawatir jika harus berurusan dengan kepolisian, karena hasil akhirnya sering kali tidak bisa ditebak.",fear
"Takut rasanya melihat berita tentang orang-orang yang mencari keadilan, tetapi justru mendapat tekanan dari aparat.",fear
Saya takut jika suatu hari menjadi korban ketidakadilan dan tidak ada polisi yang benar-benar peduli.,fear
"Kadang saya lebih memilih diam daripada melapor ke polisi, karena takut malah dipersulit atau dicurigai.",fear
Sulit mempercayai kepolisian sepenuhnya ketika masih ada kasus di mana mereka tidak bertindak sesuai hukum.,sadness
"Saya takut jika suatu saat saya mengalami masalah hukum, bukan karena saya salah, tetapi karena sistem yang tidak berpihak pada rakyat kecil.",fear
"Setiap kali ada demonstrasi atau protes, saya takut polisi akan bertindak berlebihan tanpa mempertimbangkan hak rakyat.",fear
"Melihat bagaimana beberapa kasus ditangani dengan tidak adil, saya jadi takut dengan masa depan hukum di negeri ini.",fear
"Saya merasa cemas melihat oknum kepolisian yang bertindak sewenang-wenang, tanpa ada sanksi yang benar-benar tegas.",fear
"Saya takut dengan kenyataan bahwa keadilan bisa saja dibeli, dan kepolisian tidak selalu berpihak pada yang benar.",fear
Bagaimana bisa rakyat merasa aman jika yang seharusnya melindungi justru sering bertindak kasar?,fear
Takut rasanya jika di masa depan polisi tidak lagi bisa dipercaya sebagai penjaga keadilan.,fear
Saya khawatir suatu hari polisi justru lebih melindungi kepentingan mereka sendiri daripada masyarakat yang mereka layani.,fear
Saya percaya masih ada polisi yang jujur.,trust
Kepercayaan rakyat harus dijaga oleh kepolisian.,trust
Polisi yang adil akan selalu didukung masyarakat.,trust
Saya yakin kepolisian bisa berbenah menjadi lebih baik.,trust
Keadilan bisa terwujud jika polisi bekerja dengan hati.,trust
Saya percaya polisi yang baik masih ada dan bekerja keras.,trust
Profesionalisme polisi adalah kunci kepercayaan rakyat.,netral
Saya yakin ada polisi yang benar-benar peduli pada rakyat.,trust
Kepolisian yang bersih akan selalu mendapat dukungan penuh.,trust
Saya percaya polisi bisa menegakkan hukum dengan adil.,trust
Integritas polisi menentukan masa depan hukum di negeri ini.,netral
Kejujuran polisi adalah harapan bagi masyarakat.,trust
Saya percaya hukum bisa ditegakkan jika polisi bekerja dengan tulus.,trust
"Selama polisi menjunjung kebenaran, rakyat akan mendukungnya.",trust
Polisi yang bekerja dengan hati akan selalu dipercaya.,trust
Saya yakin masih ada polisi yang berjuang demi keadilan.,trust
Kepercayaan masyarakat adalah aset terbesar kepolisian.,netral
Saya percaya polisi bisa menjadi contoh dalam penegakan hukum.,trust
Polisi yang amanah akan selalu mendapat tempat di hati rakyat.,trust
Saya yakin perubahan positif di kepolisian bisa terjadi.,trust
"Masih percaya ada polisi yang jujur, semangat buat kalian yang bener-bener kerja!",trust
"Walaupun banyak kritik, gue yakin masih ada polisi yang tulus buat rakyat.",trust
Semoga polisi yang baik tetap kuat dan nggak kebawa arus negatif.,trust
"Gue percaya kalau polisi kerja bener, pasti dihargai masyarakat.",trust
"Nggak semua polisi buruk, masih ada kok yang beneran adil.",trust
"Polisi yang jujur dan amanah itu keren banget, semoga makin banyak yang kayak gitu.",trust
Salut buat polisi yang bener-bener bekerja buat keadilan!,trust
"Percaya deh, kalau polisi transparan, rakyat pasti lebih respek.",trust
"Gue yakin ada polisi yang masih pegang integritas tinggi, semangat!",trust
"Kalau polisi kerja dengan hati, pasti kepercayaan masyarakat balik lagi.",trust
"Mau gimana pun, kita tetep butuh polisi yang jujur dan tegas.",trust
"Hormat buat polisi yang kerja bener, bukan cuma gaya doang.",trust
"Polisi yang profesional itu aset negara, semoga makin banyak yang kaya gini.",trust
"Percaya sama polisi yang jujur, tapi kalau ada yang salah, tetep harus dikritik.",trust
"Gue yakin masih ada polisi yang mau berjuang buat rakyat, bukan buat kepentingan sendiri.",trust
Kepolisian bekerja sesuai dengan prosedur dan peraturan yang berlaku.,netral
Setiap laporan masyarakat akan diproses sesuai dengan ketentuan hukum.,netral
"Petugas kepolisian menjalankan tugasnya di berbagai bidang, termasuk lalu lintas dan kriminalitas.",netral
Kepolisian memiliki wewenang untuk melakukan penyelidikan terhadap suatu kasus.,netral
Setiap anggota kepolisian harus mengikuti pelatihan sebelum bertugas.,netral
Masyarakat dapat mengajukan pengaduan jika mengalami masalah terkait hukum.,netral
Kepolisian memiliki berbagai unit yang menangani kasus berbeda.,netral
Setiap tindakan kepolisian harus sesuai dengan undang-undang yang berlaku.,netral
"Gue yakin masih ada polisi baik, tapi sayangnya mereka kalah suara.",trust
Polisi melakukan patroli rutin untuk menjaga keamanan di wilayah tertentu.,trust
"Kalau semua polisi tegas dan jujur, rakyat nggak bakal ragu buat percaya.",trust
"Gue masih percaya sama polisi, tapi buktiin dulu kalau emang serius jaga keadilan.",trust
"Kepercayaan rakyat itu mahal, nggak bisa didapet kalau kerja masih setengah hati.",trust
"Gue percaya sama polisi yang profesional, bukan yang kerja buat kepentingan pribadi.",trust
"Jujur aja, polisi yang baik itu banyak, tapi yang buruk lebih sering disorot.",trust
"Semangat buat polisi yang kerja dengan jujur, semoga makin banyak yang kayak gini!",trust
Polisi yang amanah dan adil pasti selalu dihormati rakyat.,trust
Gue percaya polisi bisa lebih baik kalau semua berani lawan korupsi di dalamnya.,trust
"Nggak semua polisi buruk, yang bener-bener kerja buat rakyat harus diapresiasi.",trust
Semoga polisi terus berbenah biar makin dipercaya masyarakat.,trust
Salut buat polisi yang tetap jujur dan berani menegakkan hukum dengan adil!,trust
"Kalau polisi transparan dan profesional, kepercayaan masyarakat pasti meningkat.",trust
"Percaya sama polisi yang kerja dengan hati, semoga ke depan makin banyak yang seperti itu.",trust
Hukum bisa lebih baik kalau polisi benar-benar menjalankan tugasnya dengan integritas.,trust
"Tetap percaya sama polisi yang jujur, semoga ke depan makin banyak perubahan positif.",trust
"Rakyat butuh kepastian hukum, bukan cuma janji manis yang ujung-ujungnya zonk!",anger
"Gimana rakyat mau percaya kalau yang salah malah dilindungi, tapi yang benar ditekan?",anger
"Tugas utama polisi itu melindungi rakyat, bukan malah menindas dan mempersulit!",anger
Setiap kasus yang dilaporkan akan diproses sesuai dengan prosedur yang ada.,netral
Kepolisian bekerja sama dengan lembaga lain dalam menegakkan hukum.,netral
Polisi bertugas mengatur lalu lintas demi kelancaran transportasi.,netral
Kepolisian memiliki sistem pelaporan online untuk memudahkan masyarakat.,netral
Setiap daerah memiliki kantor kepolisian yang berfungsi melayani masyarakat.,netral
Anggota kepolisian dapat dipindahtugaskan ke daerah lain sesuai kebijakan.,netral
Penyidikan suatu kasus memerlukan waktu sesuai dengan tingkat kompleksitasnya.,netral
Polisi memiliki kewenangan untuk menindak pelanggaran lalu lintas.,netral
Masyarakat dapat mengakses informasi tentang kinerja kepolisian melalui laporan tahunan.,netral
Kepolisian menggunakan teknologi untuk mendukung proses investigasi.,netral
"Kinerja buruk tapi tiap tahun minta naik gaji, apa yang dinaikin kalau kerja aja nggak becus?",anger
"Giliran demo rakyat langsung ditindak, tapi koruptor malah dikawal dengan santai!",anger
"Katanya penegak hukum, tapi malah jadi bagian dari kejahatan! Gimana rakyat mau percaya?",anger
"Polisi tugasnya bukan cuma tilang di jalan, coba lihat kejahatan yang lebih besar di depan mata kalian!",anger
"Jangan cuma pamer prestasi di media, kalau di lapangan masih banyak kasus yang kalian abaikan!",anger
"Kalian dikasih wewenang untuk melindungi rakyat, bukan buat nyari keuntungan pribadi!",anger
"Susah banget cari polisi yang benar-benar kerja buat rakyat, yang ada malah sibuk cari aman sendiri!",anger
Hukum cuma buat yang miskin! Yang kaya mah bebas seenaknya!,anger
"Polisi tugasnya bikin aman, bukan malah bikin rakyat takut!",anger
"Lama-lama semua disebut oknum, terus mana yang bener?",anger
"Kalau hukum bisa dibeli, rakyat kecil tinggal pasrah aja?!",anger
Nggak usah sok berwibawa kalau masih pilih kasih dalam menindak!,anger
"Kasus viral baru gercep! Kalau nggak, pasti diabaikan!",anger
"Ngurus SIM aja ribet, isinya pungli semua!",anger
"Keamanan cuma buat yang bayar, rakyat biasa cuma dapat janji palsu!",anger
"Bukti udah di depan mata, tapi masih alasan ""proses penyelidikan""!",anger
"Jangan salahkan masyarakat nggak percaya, liat sendiri kinerja kalian!",anger
"Kalau rakyat protes dibilang nggak menghormati hukum, lah kalian gimana?",anger
"Pakai seragam doang, tapi kelakuan kaya preman jalanan!",anger
Polisi kerja buat siapa sih? Kok yang jelas-jelas salah malah dilindungi?,anger
"Jangan cuma pencitraan, buktikan kalau bener-bener kerja!",anger
"Jangan cuma tegas di jalanan, tapi di ruang sidang malah melempem!",anger
"Dikit-dikit ""damai aja"", hukum negara kok jadi kayak tawar-menawar?!",anger
Lapor hilang motor malah ditanya "udah ikhlasin aja"?! SERIUS?,anger
"Kalau nggak ada kamera dan sosial media, semua kasus pasti tenggelam!",anger
"Gaji dari pajak rakyat, tapi malah ngehancurin kepercayaan rakyat!",anger
Kepolisian adalah lembaga yang bertugas menjaga ketertiban dan keamanan.,netral
Setiap laporan yang masuk akan diproses sesuai prosedur yang berlaku.,netral
Polisi memiliki berbagai unit dengan tugas yang berbeda-beda.,netral
Hukum ditegakkan berdasarkan peraturan yang telah ditetapkan.,netral
Polisi memiliki kewenangan untuk melakukan penyelidikan dan pemeriksaan.,netral
Kepolisian bekerja dalam koordinasi dengan berbagai instansi terkait.,netral
Pengawasan terhadap kinerja kepolisian dilakukan oleh lembaga yang berwenang.,netral
Setiap kasus yang ditangani akan melalui proses investigasi sesuai aturan.,netral
Kepolisian memiliki peran dalam pengamanan kegiatan masyarakat.,netral
"Pelayanan kepolisian mencakup berbagai aspek, termasuk administrasi hukum.",netral
Petugas kepolisian diberikan pelatihan sebelum menjalankan tugasnya.,netral
Prosedur penanganan kasus mengacu pada hukum yang berlaku.,netral
Polisi berperan dalam mengatur lalu lintas untuk menjaga kelancaran jalan.,netral
Kepolisian memiliki mekanisme pengaduan bagi masyarakat yang membutuhkan.,netral
"Dalam menjalankan tugasnya, polisi mengikuti standar operasional yang ditentukan.",netral
Setiap anggota kepolisian memiliki tanggung jawab dalam menjalankan tugasnya.,netral
Kepolisian bekerja di bawah regulasi yang ditetapkan pemerintah.,netral
Laporan masyarakat menjadi salah satu sumber informasi bagi kepolisian.,netral
Teknologi digunakan oleh kepolisian untuk membantu dalam penyelidikan kasus.,netral
Kepolisian memiliki tugas untuk menjaga keamanan dalam berbagai situasi.,netral
"Kelakuan kayak preman, tapi minta dihormati! Gimana rakyat mau respek?!",anger
"Polisi harusnya melindungi rakyat, bukan malah bikin susah!",anger
Percuma ada hukum kalau polisi masih tebang pilih!,anger
"Keadilan cuma buat yang punya uang, rakyat kecil nggak dianggap!",anger
"Bosen liat berita polisi korup, kapan benernya?!",anger
Polisi kerja buat siapa sih? Kok yang salah malah dilindungi?,anger
Susah banget cari polisi jujur sekarang! Kecewa banget!,anger
"Kalau polisi nggak becus kerja, jangan harap rakyat percaya lagi!",anger
"Rakyat butuh keadilan, bukan janji kosong dari polisi!",anger
"Ngurus laporan aja ribet, polisi kerja atau enggak sih?",anger
"Kenapa kalau kasus kecil polisi sigap, tapi kalau kasus besar malah lama?!",anger
"Gaji dari pajak rakyat, tapi kerja seenaknya!",anger
Harus berapa banyak korban dulu sampai polisi bener-bener bertindak?!,anger
"Jangan cuma garang sama rakyat kecil, yang gede juga ditindak dong!",anger
"Banyak oknum, tapi yang bener malah diam! Kecewa berat!",anger
"Kalau nggak bisa jujur, jangan jadi polisi!",anger
Keamanan buat siapa sih? Kok yang salah malah makin berkuasa?,anger
"Udah capek berharap, percuma kalau polisi masih gini-gini aja!",anger
"Dikit-dikit damai, hukum di mana?!",anger
"Kinerja buruk tapi bangga seolah nggak ada masalah, parah sih!",anger
"Rakyat nggak butuh polisi pencitraan, butuh yang beneran kerja!",fear
kenapa polisi memang harus menakutkan sih?,fear
di mata masyarakat sebenarnya polisi itu menakutkan bukan mengayomi,fear
saya lebih takut polisi karena polisi seperti momok yg menakutkan bagi kami para pemotor,fear
Ngeri banget Polisi jaman sekarang kok menakutkan,fear
"Jujur aja, sekarang kalau ketemu polisi di jalan malah deg-degan.",fear
"Bukan rasa aman yang didapat, malah takut kalau ada razia.",fear
"Bahkan kalau nggak salah apa-apa pun, tetap takut kalau harus berurusan sama polisi.",fear
"Gimana nggak takut, kasus bisa tiba-tiba diputarbalikkan?",fear
"Kalau ada masalah, takut lapor, nanti malah gue yang kena!",fear
"Udah bayar pajak buat gaji mereka, tapi malah bikin rakyat takut.",fear
"Takut banget kalau ada kejadian di jalan, mau lapor pun bingung percaya atau nggak.",fear
Semoga kepolisian bisa terus menjalankan tugasnya dengan baik.,netral
Pelayanan publik harus tetap berjalan sesuai prosedur.,netral
"Setiap tugas pasti ada tantangannya, termasuk di kepolisian.",netral
Semua pihak perlu bekerja sama untuk menjaga keamanan.,netral
Proses hukum harus tetap berjalan sesuai aturan yang berlaku.,netral
Polisi punya peran besar dalam menertibkan masyarakat.,netral
Setiap laporan pasti membutuhkan waktu untuk diproses.,netral
Semua pihak pasti mengharapkan sistem yang lebih baik.,netral
"Polisi juga manusia, pasti ada yang baik dan ada yang kurang.",netral
"Perubahan sistem butuh waktu, nggak bisa instan.",netral
Semua lembaga pasti punya tantangan masing-masing.,netral
Penegakan hukum perlu terus diperbaiki dari waktu ke waktu.,netral
Semua profesi pasti ada oknum dan ada yang benar-benar menjalankan tugasnya.,netral
Masyarakat dan kepolisian harus saling mendukung demi keamanan bersama.,netral
Setiap kasus punya tingkat kesulitan yang berbeda-beda.,netral
"Tugas kepolisian nggak mudah, tapi harus tetap profesional.",netral
Setiap kebijakan pasti ada pro dan kontranya.,netral
Polisi tetap punya kewajiban untuk melindungi masyarakat.,netral
Komunikasi antara masyarakat dan kepolisian harus lebih baik.,netral
"Setiap kritik pasti ada alasannya, semoga bisa jadi bahan evaluasi.",netral
"Udah banyak kejadian aneh, bikin makin nggak berani macem-macem.",fear
Takut kalau dituduh sesuatu yang nggak kita lakuin.,fear
"Kalau ada peraturan baru, takutnya cuma buat nambah beban rakyat.",fear
Bahkan orang yang udah punya pengacara pun masih bisa kena ancaman.,fear
"Takutnya kalau viral baru diproses, kalau nggak, ya ilang aja.",fear
Ngeri kalau urusan sama polisi malah jadi lebih rumit.,fear
"Banyak kejadian aneh di tahanan, bikin was-was.",fear
Takut kalau ngelapor malah ditanya ?isa damai nggak??fear,fear
"Udah jelas kasus berat, tapi takut kalau akhirnya pelaku bebas.",fear
"Kalau lihat lampu strobo di belakang, rasanya udah takut duluan.",fear
"Takut kalau ada razia, nanti malah kena kasus yang aneh-aneh.",fear
"Banyak kasus salah tangkap, bikin siapa aja bisa kena.",fear
"Jalan malam aja takut, bukannya merasa aman malah makin waspada.",fear
Takut kalau ternyata yang harusnya menegakkan hukum malah bermain di belakang layar.,fear
"Bahkan ngerekam kejadian aja bisa kena masalah, serem banget.",fear
"Mau pasang kamera di mobil, takut malah dikira cari masalah.",fear
Lapor kehilangan malah kena biaya tambahan? Makin takut buat lapor.,fear
Ngeri kalau ditilang tapi nggak tahu hak kita sebagai warga negara.,fear
"Kalau nggak ada bukti rekaman, takut kejadian bisa dipelintir.",fear
"Udah banyak orang yang jadi korban salah tangkap, makin ngeri.",fear
Takut kalau hukum bisa dipermainkan seenaknya.,fear
"Lihat berita makin serem, rakyat kecil kayak nggak punya perlindungan.",fear
Bahkan kalau punya bukti kuat pun tetap takut kalau kasus bisa hilang begitu aja.,sadness
"Sedih banget, hukum di negara ini terasa nggak adil sama sekali.",sadness
"Kepercayaan ke polisi makin lama makin hilang, kecewa banget.",sadness
"Harusnya merasa aman, tapi malah was-was kalau ketemu polisi.",sadness
"Capek berharap, setiap ada kasus besar ujung-ujungnya menghilang.",sadness
Setiap laporan yang masuk harus diproses sesuai prosedur yang berlaku.,netral
Kepolisian memiliki tugas utama dalam menjaga ketertiban masyarakat.,netral
Evaluasi berkala terhadap kinerja aparat penting untuk perbaikan sistem.,netral
Koordinasi dengan pihak terkait dapat meningkatkan efektivitas penegakan hukum.,netral
Penyuluhan hukum kepada masyarakat dapat membantu dalam pencegahan kejahatan.,netral
Teknologi dapat dimanfaatkan untuk meningkatkan efektivitas pelayanan kepolisian.,netral
"Setiap institusi, termasuk kepolisian, perlu beradaptasi dengan perkembangan zaman.",netral
Penegakan hukum yang adil akan menciptakan ketertiban dalam masyarakat.,netral
Pelayanan publik yang maksimal adalah harapan semua warga terhadap kepolisian.,netral
Transparansi dalam proses hukum dapat meningkatkan kepercayaan masyarakat.,netral
Kepolisian harus selalu mengikuti prosedur dalam setiap tindakan yang dilakukan.,netral
Program peningkatan kualitas SDM kepolisian dapat membantu profesionalisme kerja.,netral
Respons cepat dalam menangani laporan masyarakat sangat diperlukan.,netral
Koordinasi antara kepolisian dan masyarakat dapat meningkatkan keamanan bersama.,netral
Sistem pengaduan masyarakat yang lebih efektif dapat mempermudah penanganan kasus.,netral
Kepolisian perlu memberikan edukasi tentang hukum agar masyarakat lebih paham.,netral
Pembenahan sistem internal akan berdampak pada peningkatan kinerja kepolisian.,netral
Penanganan kasus harus dilakukan secara transparan dan akuntabel.,netral
Setiap tindakan aparat harus sesuai dengan hukum yang berlaku.,netral
Peran kepolisian dalam menjaga ketertiban harus didukung oleh seluruh elemen masyarakat.,netral
Sedih lihat korban yang nggak dapat keadilan.,sadness
"Semakin hari, semakin sulit percaya dengan aparat.",sadness
"Andai polisi benar-benar bekerja untuk rakyat, pasti keadaannya lebih baik.",sadness
Padahal polisi itu harapan terakhir rakyat untuk mendapatkan keadilan.,sadness
"Hukum terasa seperti permainan, yang kuat menang, yang lemah terabaikan.",sadness
"Lapor ke polisi malah dianggap bercanda, sakit banget rasanya.",sadness
Kenapa harus viral dulu baru mau bertindak?,sadness
Miris lihat korban kriminal yang akhirnya harus berjuang sendiri.,sadness
Semua pihak punya peran dalam menjaga ketertiban bersama.,netral
Setiap profesi pasti punya tantangan dan tanggung jawabnya masing-masing.,netral
Selalu ada ruang untuk perbaikan dalam setiap sistem.,netral
"Keamanan adalah tanggung jawab bersama, bukan hanya kepolisian.",netral
Evaluasi kinerja itu penting untuk meningkatkan pelayanan.,netral
Semua orang pasti menginginkan keadilan ditegakkan dengan baik.,netral
Prosedur hukum harus tetap diikuti sesuai aturan yang berlaku.,netral
Kepolisian tetap harus bekerja sesuai tugas dan fungsinya.,netral
Semua orang berhak mendapatkan pelayanan yang baik dari kepolisian.,netral
Ketertiban masyarakat bisa tercipta kalau semua pihak bekerja sama.,netral
Reformasi di institusi mana pun butuh proses dan waktu.,netral
Teknologi bisa membantu kepolisian dalam meningkatkan kinerjanya.,netral
Komunikasi yang baik antara masyarakat dan polisi bisa meningkatkan kepercayaan.,netral
Tidak semua masalah bisa langsung selesai dalam waktu singkat.,netral
Penegakan hukum harus berjalan sesuai prinsip keadilan.,netral
Semua laporan pasti akan diproses sesuai dengan mekanisme yang ada.,netral
Sinergi antara kepolisian dan masyarakat sangat diperlukan.,netral
Keamanan dan kenyamanan masyarakat harus tetap menjadi prioritas.,netral
Tugas utama kepolisian adalah menjaga ketertiban dan melindungi warga.,netral
Kritik yang membangun bisa membantu perbaikan sistem yang ada.,netral
"Berurusan sama polisi itu kayak main judi, bisa aman bisa celaka.",fear
Takut kalau ternyata nggak ada keadilan buat rakyat biasa.,fear
"Mau rekam kejadian di jalan, tapi takut malah ditangkap.",fear
"Kalau ada masalah, nggak tahu harus lapor atau kabur aja.",fear
Bahkan sekadar bertanya pun takut dimarahi.,fear
Takut kalau ada kejadian terus disuruh ?amai?dengan cara yang nggak bener.,fear
"Sering dengar cerita serem soal polisi, jadi makin takut.",fear
"Kalau ada polisi datang ke lingkungan, bukannya tenang malah panik.",fear
Takut kalau kena kasus yang bukan salah sendiri.,fear
"Nggak berani komentar banyak, takut jadi bumerang.",fear
"Banyak kejadian aneh di tahanan, bikin was-was banget.",fear
"Kalau ditilang, takut malah jadi panjang urusannya.",fear
Serem kalau ketemu polisi yang mukanya galak.,fear
"Kalau ada laporan hilang, takut malah disuruh bayar.",fear
"Mau lapor kasus, tapi takut nggak diproses.",fear
"Kalau ada operasi polisi di jalan, pasti deg-degan sendiri.",fear
"Nggak tahu mana yang bisa dipercaya, jadi takut berurusan.",fear
Makin takut kalau lihat berita polisi korupsi.,fear
Takut kalau nanti malah jadi korban salah tangkap.,fear
"Kalau ada polisi patroli, perasaan malah nggak tenang.",fear
"Hukum harusnya melindungi, tapi takutnya malah sebaliknya.",fear
Takut kalau ada aturan baru yang malah memberatkan rakyat.,fear
"Jangan sampai ada kejadian di sekitar kita, takut kena imbas.",fear
"Kalau lihat polisi ngobrol sama preman, makin bingung harus percaya siapa.",fear
"Serem kalau ada polisi bawa senjata, bukannya merasa aman malah tegang.",fear
"Banyak kejadian yang nggak masuk akal, bikin takut sendiri.",fear
Nggak ngerti lagi kalau sampai ketemu polisi yang main ancam.,fear
Takut kalau ada orang yang salah malah dipaksa ngaku.,fear
"Banyak kasus besar tiba-tiba hilang, serem banget sistemnya.",fear
"Kalau viral baru diproses, kalau nggak ya dibiarkan, bikin ngeri.",fear
Mau protes tapi takut ada akibatnya.,fear
Takut kalau ketahuan ngerekam kejadian penting.,fear
Kepolisian memiliki peran penting dalam menjaga keamanan dan ketertiban.,netral
Pelayanan yang cepat dan efisien dapat meningkatkan kepercayaan masyarakat.,netral
Setiap laporan yang masuk harus diproses sesuai prosedur hukum yang berlaku.,netral
Koordinasi antara kepolisian dan masyarakat dapat menciptakan lingkungan yang lebih aman.,netral
Teknologi dapat membantu meningkatkan efektivitas kinerja kepolisian dalam melayani publik.,netral
Sosialisasi aturan hukum kepada masyarakat bisa mencegah pelanggaran sejak dini.,netral
Evaluasi berkala terhadap kinerja kepolisian penting untuk meningkatkan profesionalisme.,netral
Penyuluhan keamanan dapat membantu meningkatkan kesadaran hukum di masyarakat.,netral
Penguatan sistem pengawasan internal dapat meningkatkan transparansi kepolisian.,netral
Pelayanan publik yang optimal harus menjadi prioritas utama kepolisian.,netral
Setiap tindakan kepolisian harus sesuai dengan kode etik dan standar prosedur yang berlaku.,netral
Kepolisian yang responsif dapat membantu penyelesaian masalah hukum lebih cepat.,netral
Kolaborasi dengan berbagai instansi dapat meningkatkan efektivitas penegakan hukum.,netral
Transparansi dalam proses penanganan kasus dapat mencegah munculnya spekulasi negatif.,netral
Pembinaan berkelanjutan terhadap personel kepolisian diperlukan untuk menjaga profesionalisme.,netral
Kepolisian harus tetap menjalankan tugasnya secara independen tanpa intervensi pihak lain.,netral
Pelaporan digital dapat membantu masyarakat mendapatkan akses lebih cepat terhadap layanan kepolisian.,netral
Pelibatan komunitas dalam menjaga keamanan dapat membantu tugas kepolisian.,netral
Keamanan dan ketertiban dapat terjaga dengan sinergi antara kepolisian dan masyarakat.,netral
Kepolisian memiliki tanggung jawab besar dalam menjaga stabilitas sosial dan keamanan nasional.,netral
"Kalau nggak viral, nggak bakal diurus! Gila!",anger
Mau lapor malah dipingpong ke sana-sini! Ngapain ada polisi?,anger
"Lihat polisi, bukannya tenang malah langsung emosi!",anger
Hukum di negeri ini cuma untuk rakyat kecil!,anger
"Yang punya duit aman, yang nggak punya jadi korban!",anger
Mereka kerja buat rakyat atau buat bos-bosnya doang?,anger
Capek lihat drama hukum di negara ini!,anger
Tiap hari ada aja berita soal polisi bermasalah!,anger
"Kalau rakyat yang salah langsung ditindak, kalau mereka? Bebas!",anger
"Udah rusak sistemnya, nggak bakal bisa dipercaya lagi!",anger
Bosan lihat mereka sok bener di depan kamera!,anger
"Nyebelin banget kalau ada kasus gede, ujung-ujungnya hilang!",anger
Kenapa sih mereka nggak malu sama seragamnya sendiri?,anger
Mending mereka belajar dulu arti kata "adil"!,anger
"Yang korup bebas, yang jujur malah dipersulit!",anger
"Kalau nggak ada uang atau koneksi, jangan harap dapat keadilan!",anger
"Kasus kelar bukan karena kerja keras polisi, tapi karena rakyat marah!",anger
Makin nggak ada rasa hormat sama mereka!,anger
"Heran, kerjaannya ngurusin rakyat kecil doang!",anger
Jangan sok suci kalau kelakuan masih kayak preman!,anger
Nggak ada perubahan! Masalahnya itu-itu aja tiap tahun!,anger
"Seragam bukan buat gaya-gayaan, tapi buat kerja bener!",anger
"Hukum tajam ke bawah, tumpul ke atas! Udah muak denger itu terus!",anger
Bisa nggak sih kerja pakai hati nurani?,anger
"Orang bayar pajak buat gaji mereka, tapi kerjaannya bikin rakyat sengsara!",anger
Rakyat yang benar malah dianggap musuh!,anger
"Kalau kerja cuma buat kepentingan sendiri, mending mundur aja!",anger
"Kesel banget! Bukannya menangkap yang salah, malah main gertak rakyat!",anger
Susah banget cari polisi yang benar-benar jujur!,anger
Apa susahnya kerja bener tanpa nyari untung pribadi?,anger
Sistemnya emang udah bobrok dari atas sampai bawah!,anger
Polisi macam apa yang malah lindungi kriminal?,anger
Nggak malu sama sumpah jabatan sendiri?,anger
"Janji tinggal janji, prakteknya nol besar!",anger
"Kalau nggak ada rakyat, kalian bukan siapa-siapa! Jangan sok berkuasa!",anger
Udah bosen denger alasan klasik mereka!,anger
Gaji gede tapi kelakuan nggak ada yang bisa dibanggain!,anger
"Mau percaya, tapi tiap hari selalu ada kasus baru!",anger
"Kalau udah ketahuan salah, ngelesnya lebih jago dari atlet lari!",anger
Buat apa punya polisi kalau rakyat tetap harus berjuang sendiri?,anger
Bener-bener bikin naik darah kalau denger kasus baru tiap hari!,anger
"Harusnya mereka jaga nama baik institusi, bukan malah bikin malu!",anger
"Seragam mereka harusnya jadi simbol keadilan, bukan simbol ketakutan!",anger
Nggak ada yang berubah! Tiap tahun sama aja bobroknya!,anger
Rakyat udah muak dipermainkan kayak begini terus!,anger
"Seriusan, kerja kalian tuh buat rakyat, bukan buat nyari untung sendiri!",anger
"Kalau nggak bisa kasih keadilan, ya mundur aja! Jangan sok berkuasa!",anger
Kenapa sih selalu ada alasan kalau disuruh kerja bener? Bukannya itu tugas kalian?,anger
"Udah tau salah, masih aja sok bener! Gimana rakyat mau percaya?",anger
Mereka kerja buat siapa sih? Kok yang benar malah ditekan?,anger
"Jangan heran kalau rakyat kehilangan kepercayaan, kelakuan kalian sendiri yang bikin!",anger
"Hukum di negeri ini lebih mirip dagangan, siapa yang bayar lebih, dia yang menang!",anger
"Kalau ada kasus besar, pasti ada aja yang tiba-tiba ?ilang jejak? udah capek liat dramanya!",anger
"Jangan cuma garang kalau ngurusin rakyat kecil, berani nggak lawan yang di atas?",anger
"Bukan cuma sekali dua kali, tapi tiap hari ada aja kasus yang bikin naik darah!",anger
"Kenapa kalau rakyat yang salah langsung dihukum, tapi kalau oknum polisi yang salah malah dilindungi?",anger
"Lapor kehilangan malah dipersulit, padahal itu kerjaan mereka!",anger
"Aneh, kalau ada orang kaya yang kena kasus, tiba-tiba hukum bisa lunak banget!",anger
"Mereka sok paling benar, tapi kerjaannya malah banyak merugikan rakyat!",anger
"Setiap ada kasus besar, rakyat selalu dibiarkan menunggu keadilan yang nggak pernah datang!",anger
"Kerja kalian tuh harusnya ngelindungin rakyat, bukan malah nambahin masalah!",anger
"Jangan mentang-mentang berseragam, jadi merasa bisa ngatur segalanya seenaknya!",anger
"Dulu percaya sama hukum, sekarang cuma bisa pasrah karena sistemnya udah rusak!",anger
Percuma ada hukum kalau ujung-ujungnya bisa dibeli sama yang punya duit!,anger
"Bukannya bantu rakyat, malah bikin ribet setiap ada masalah!",anger
"Mereka seharusnya jadi harapan, tapi justru bikin ketakutan!",anger
Lihat berita soal mereka tiap hari bikin makin hilang harapan sama keadilan!,anger
"Beneran deh, kalau nggak viral dulu, polisi nggak bakal peduli sama kasus rakyat kecil!",anger
"Sumpah jabatan mereka cuma formalitas doang, buktinya kelakuan tetap seenaknya!",anger
"Harusnya yang berseragam itu bikin tenang, bukan malah bikin curiga!",anger
"Seragam bukan buat gaya-gayaan, tapi buat benerin sistem hukum yang udah bobrok ini!",anger
"Paling jago kalau urusan ngasih alasan, tapi kalau kerja bener malah nggak kelihatan!",anger
"Setiap ada kasus gede, ujung-ujungnya rakyat disuruh ?abar? tapi nggak ada hasilnya!",anger
"Banyak yang berbuat salah, tapi hanya beberapa yang kena hukuman! Keadilan apa ini?",anger
"Kalau kasusnya melibatkan pejabat, pasti deh tiba-tiba jadi lambat prosesnya!",anger
"Sumpah, heran banget! Gimana sih bisa mereka tetap santai setelah bikin rakyat sengsara?",anger
"Kalau rakyat melawan, dibilang melanggar hukum. Kalau mereka yang melanggar, cuma dikasih sanksi ringan!",anger
"Bilangnya mau reformasi, tapi nyatanya masih bobrok juga!",anger
"Kalau lapor kasus malah disuruh ?amai?aja, jadi buat apa ada polisi?",anger
"Kenapa setiap ada kasus, pasti ada drama ?ilangnya barang bukti?atau ?ersangka kabur?",anger
Susah percaya sama sistem hukum kalau yang jalankan aja nggak bisa bersikap adil!,anger
"Makin lama, makin kelihatan kalau hukum di negeri ini cuma buat mereka yang berduit!",anger
Apa mereka nggak malu tiap hari ada berita buruk tentang kepolisian?,anger
Sebenarnya tugas mereka apa sih? Karena yang mereka lakukan nggak sesuai sama yang diharapkan rakyat!,anger
"Lihat seragam mereka sekarang malah bikin marah, bukan bangga!",anger
"Setiap ada rakyat yang cari keadilan, malah mereka yang ditekan! Gila sih ini!",anger
"Kalau mau dihormati, kerja yang bener! Jangan cuma modal seragam!",anger
"Gaji dari pajak rakyat, tapi malah ngerugiin rakyat! Ironis banget!",anger
Nggak ada harapan sama hukum kalau aparatnya masih banyak yang main belakang!,anger
"Dunia hukum di sini kayak panggung sandiwara, yang jago akting pasti menang!",anger
"Kalau rakyat yang salah langsung diadili, tapi kalau mereka sendiri yang salah, prosesnya kayak keong!",anger
"Jangan cuma pencitraan di media, rakyat butuh bukti nyata!",anger
Mereka yang harusnya jadi contoh malah jadi yang paling buruk kelakuannya!,anger
"Setiap kasus yang nggak kunjung selesai, makin membuktikan kalau sistemnya udah gagal total!",anger
"Kalau ada polisi yang benar-benar jujur, kasihan banget mereka harus kerja di sistem kayak gini!",trust
saya masih percaya dengan polisi indonesia,trust
saya yakin masih ada pak polisi yang baik dan jujur,trust
masyarakat percaya kalian bisa melindungi kami pak,trust
semangat pak polisi kami percaya dengan kalian bisa melindungi kami,trust
lindungi kami selalu pak,trust
Marah banget lihat kasus ini nggak kelar-kelar!,anger
brengsek hukum di negeri ini Cuma buat yang punya uang,anger
kesal lihat oknum bebas tanpa hukuman,anger
jengkel tiap kali lihat berita tentang mereka,anger
benci banget sama sistem yang tidak adil,anger
muak dengan janji palsu polisi tanpa bukti,anger
geram lihat yang salah malah dilindungi,anger
emosi setiap kali dengan polisi beralasan,anger
dendam rasanya kalau polisi tidak adil,anger
makin naik darah lihat kelakuan polisi,anger
marah karena keadilan Cuma ilusi di negeri ini,anger
brengsek rakyat kecil selalu jadi korban,anger
kesal lihat kasus yang tiba-tiba hilang,anger
jengkel banget kalau polisi diam saja,anger
benci banget sama ketidakadilan yang dibiarkan terus terjadi,anger
geram lihat yang benar malah ditekan,anger
emosi banget kalau kasus besar tiba-tiba senyap,anger
dendam rasanya lihat polisi berindak semena-mena,anger
marah sampai tidak bisa berkata-kata,anger
kesal lihat rakyat kecil dipersulit,anger
brengsek kapan hukum bisa benar-benar adil,anger
benci banget sama sistem hukum yang bobrok,anger
muak dengan pencitraan tanpa aksi nyata,anger
geram lihat aparat yang hanya memikirkan diri sendiri,anger
emosi tiap kali ada kasus yang tidak pernah tuntas,anger
dendam dengan ketidakadilan yang terus berulang,anger
marah lihat koruptor bisa bebas santai,anger
kesal karena yang salah selalu dilindungi,anger
senang banget lihat polwan,joy
brengsek polisi korup buat rakyat makin sengsara,anger
kesal karena polisi mengabaikan kejahatan,anger
jengkel lihat polisi yang main kekerasan,anger
muak lihat polisi hobi mengintimidasi rakyat biasa,anger
emosi kalau polisi menyalahgunakan senjata dan wewenangnya,anger
jengkel lihat polisi lebih sibuk mengejar tilang daripada tangkap koruptor,anger
benci banget sama polisi yang menutupi kesalahan,anger
dendam sama polisi tidak pernah jujur,anger
brengsek harus viral dulu baru polisi mau bertindak,anger
jengkel setiap melihat polisi pura-pura tidak tahu,anger
benci banget kalau lihat polisi tidak becus bekerja,anger
muak dengan alasan polisi yang selalu berubah-ubah,anger
dendam rasanya lihat polisi bebas dari hukuman meski terbukti bersalah,anger
marah lihat polisi melindungi koruptor,anger
jengkel lihat aturan yang hanya menguntungkan polisi,anger
"Tugas polisi bukan hanya menegakkan hukum, tapi juga membangun kepercayaan publik.",netral
Evaluasi berkala terhadap kinerja kepolisian bisa jadi langkah perbaikan yang baik.,netral
Pelayanan yang cepat dan transparan adalah kunci kepercayaan masyarakat terhadap kepolisian.,netral
Tugas kepolisian adalah menegakkan hukum dengan adil tanpa memihak.,netral
benci lihat polisi yang selalu melindungi kepentingan pejabat,anger
jengkel lihat polisi yang tidak mau dikritik padahal kerjaannya amburadul,anger
benci sama polisi yang Cuma modal seragam tapi tidak berintegritas,anger
dendam sama polisi yang tidak punya hati nurani,anger
jengkel lihat bukti jelas tapi tetap tidak diproses,anger
Bangga dengan polisi yang bekerja sepenuh hati!,joy
Senang melihat polisi makin profesional!,joy
Polisi yang jujur bikin hati tenang!,joy
"Kinerja polisi semakin baik, teruskan!",joy
Salut untuk polisi yang menjaga keadilan!,joy
"Terima kasih, polisi sudah bertugas dengan baik!",joy
Senang melihat polisi membantu masyarakat!,joy
"Polisi sigap, rakyat jadi merasa aman!",joy
Polisi yang adil bikin masyarakat bahagia!,joy
Bangga dengan polisi yang tegas dan bijak!,joy
"Polisi bekerja cepat, keren!",joy
Hati senang melihat polisi melayani dengan tulus!,joy
Terima kasih sudah melindungi kami dengan baik!,joy
Polisi yang ramah bikin nyaman!,joy
Bahagia melihat polisi menjalankan tugasnya dengan benar!,joy
Salut dengan polisi yang tidak tebang pilih!,joy
Senang ada polisi yang sigap dan responsif!,joy
"Polisi bekerja dengan hati, luar biasa!",joy
Masyarakat bangga punya polisi yang profesional!,joy
Aman rasanya karena polisi selalu siap siaga!,joy
Polisi yang jujur adalah kebanggaan bangsa!,joy
Senyum polisi di jalan bikin hari lebih cerah!,joy
"Polisi hadir, kejahatan menurun, hebat!",joy
Bahagia melihat polisi menegakkan hukum dengan adil!,joy
Terharu melihat polisi membantu warga kecil!,joy
Polisi yang disiplin bikin masyarakat kagum!,joy
Kepolisian memiliki peran penting dalam menjaga keamanan di masyarakat.,netral
Pelayanan yang cepat dan responsif selalu menjadi harapan masyarakat.,netral
Setiap institusi pasti memiliki tantangan dalam menjalankan tugasnya.,netral
Evaluasi rutin diperlukan agar kinerja kepolisian semakin optimal.,netral
Kepastian hukum bergantung pada penegakan yang transparan dan adil.,netral
Setiap laporan masyarakat harus ditindaklanjuti sesuai prosedur yang berlaku.,netral
Polisi bekerja berdasarkan hukum dan aturan yang sudah ditetapkan.,netral
Pelatihan dan pengembangan terus diperlukan untuk meningkatkan profesionalisme.,netral
Koordinasi antarinstansi dapat membantu efektivitas kinerja kepolisian.,netral
Penegakan hukum yang baik harus bebas dari kepentingan tertentu.,netral
Kesadaran hukum masyarakat juga berperan dalam mendukung tugas kepolisian.,netral
Modernisasi alat dan sistem kepolisian bisa meningkatkan efektivitas kerja.,netral
Program kerja kepolisian perlu disosialisasikan agar masyarakat memahami perannya.,netral
Setiap tindakan polisi harus didasarkan pada bukti dan prosedur yang jelas.,netral
Partisipasi publik dalam pengawasan dapat membantu menjaga kredibilitas kepolisian.,netral
Keamanan wilayah menjadi salah satu indikator keberhasilan kinerja kepolisian.,netral
Peningkatan integritas personel sangat penting untuk menjaga kepercayaan publik.,netral
Kolaborasi dengan berbagai pihak dapat membantu tugas kepolisian lebih efektif.,netral
Masyarakat menginginkan pelayanan yang transparan dan akuntabel dari kepolisian.,netral
Penegakan aturan harus tetap dilakukan sesuai dengan ketentuan yang berlaku.,netral
Bahagia melihat polisi bekerja sama dengan masyarakat!,joy
"Polisi cepat tanggap, hasilnya nyata!",joy
Polisi yang bertanggung jawab bikin negara lebih maju!,joy
Masyarakat senang melihat polisi aktif menjaga ketertiban!,joy
Takut kalau kasus ini cuma berakhir tanpa kejelasan!,fear
"Polisi ada, tapi kenapa masih takut keluar malam?",fear
Seram lihat polisi yang harusnya melindungi malah bertindak sebaliknya!,fear
Takut kalau laporan hanya dianggap angin lalu!,fear
Merinding lihat aparat yang menyalahgunakan kekuasaan!,fear
"Polisi lambat bertindak, takut kasusnya menghilang begitu saja!",fear
"Jangan sampai hukum malah memihak yang berkuasa, ngeri!",fear
"Deg-degan kalau ketemu razia, padahal nggak salah apa-apa!",fear
Takut kalau keadilan hanya mimpi di negeri ini!,fear
"Polisi harusnya bikin aman, tapi kenapa banyak yang justru waswas?",fear
Ngeri lihat kasus besar yang nggak pernah terselesaikan!,fear
Takut kalau suara rakyat malah dibungkam dengan mudah!,fear
Merasa nggak aman meskipun ada polisi di sekitar!,fear
"Polisi hadir, tapi kenapa masih banyak korban kejahatan?",fear
Takut kalau yang salah malah dilindungi!,fear
"Polisi harusnya bikin tenang, bukan bikin cemas!",fear
Khawatir kalau laporan kasus hanya berakhir di meja tanpa tindakan!,fear
Serem lihat kejahatan yang tetap merajalela meski ada aparat!,fear
Ketakutan melihat hukum yang bisa dibeli!,fear
"Polisi diam saja, rakyat makin takut berbicara!",fear
Jangan sampai ada korban lagi hanya karena polisi abai!,fear
Kenapa makin banyak orang takut melapor ke polisi?,fear
Rasanya nggak aman kalau kejahatan dibiarkan begitu saja!,fear
Seram kalau keadilan bisa dinegosiasi!,fear
Takut kalau pelaku kejahatan malah lebih dilindungi daripada korban!,fear
"Polisi terlalu santai, sementara kejahatan terus terjadi!",fear
Takut karena tidak ada transparansi dalam penanganan kasus!,fear
"Polisi seharusnya bikin tenang, bukan bikin ragu!",fear
Ngeri kalau ada kasus besar tapi polisi malah diam!,fear
"Polisi harus tegas, biar rakyat nggak hidup dalam ketakutan!",fear
Keamanan makin diragukan kalau polisi nggak bertindak cepat!,fear
Jangan sampai takut dengan polisi lebih besar daripada takut dengan penjahat!,fear
Takut kalau polisi cuma bergerak kalau sudah viral!,fear
Sulit percaya kalau kejahatan tetap berulang meski ada aparat!,fear
Ngeri kalau yang berani bicara malah dikriminalisasi!,fear
Jangan sampai ada korban sia-sia karena kelambanan aparat!,fear
Takut karena kasus hilang begitu saja setelah beberapa waktu!,fear
Polisi perlu lebih tegas biar rakyat merasa aman!,fear
Takut kalau hukum hanya tajam ke bawah!,fear
Ragu kalau hukum bisa berjalan tanpa intervensi!,fear
Takut karena hukum bisa dibelokkan sesuka hati!,fear
Ngeri lihat kasus yang nggak pernah menemui titik terang!,fear
"Polisi harusnya memberikan perlindungan, bukan menambah rasa takut!",fear
Khawatir kalau penegakan hukum hanya ilusi!,fear
"Takut kalau korban nggak dapat keadilan, sementara pelaku bebas berkeliaran!",fear
Keamanan makin nggak jelas kalau polisi lambat bertindak!,fear
Polisi seharusnya bisa lebih sigap biar rakyat nggak terus cemas!,fear
Seram lihat kasus yang ujungnya cuma diam di tempat!,fear
Polisi harus lebih transparan biar kepercayaan publik nggak hilang!,fear
Ngeri kalau aparat lebih berpihak pada yang berkuasa daripada rakyat!,fear
Sedih melihat hukum tak berpihak pada rakyat kecil.,sadness
"Polisi ada, tapi keadilan terasa jauh.",sadness
"Miris, kejahatan terus terjadi meski aparat ada di mana-mana.",sadness
Kenapa polisi lambat bertindak saat rakyat butuh?,sadness
Kecewa melihat kasus besar selalu tenggelam.,sadness
Rasanya pedih melihat korban tak mendapat keadilan.,sadness
"Polisi harusnya melindungi, tapi kenapa banyak yang masih merasa tak aman?",sadness
Sedih melihat hukum hanya tajam ke bawah.,sadness
"Rakyat menangis, tapi keadilan tetap tak datang.",sadness
Kenapa banyak kasus tak pernah terselesaikan?,sadness
"Polisi hadir, tapi rasa aman tetap tak ada.",sadness
"Miris, mereka yang butuh perlindungan malah terabaikan.",sadness
Susah percaya kalau laporan ke polisi bakal diproses.,sadness
Hati ini hancur melihat kebenaran diabaikan.,sadness
Sedih melihat aparat tak bisa jadi harapan rakyat.,sadness
Kenapa hukum seperti permainan bagi mereka yang berkuasa?,sadness
Tidak ada harapan jika polisi hanya diam.,sadness
"Kecewa, hukum di negeri ini seakan cuma formalitas.",sadness
"Polisi harusnya memberi solusi, bukan menambah masalah.",sadness
"Hukum ada, tapi rasanya hanya ilusi.",sadness
Miris melihat aparat lebih peduli citra daripada rakyat.,sadness
Kenapa keadilan harus selalu menunggu viral?,sadness
"Korban menunggu kepastian, tapi polisi tetap lamban.",sadness
Sedih melihat rakyat kehilangan kepercayaan pada hukum.,sadness
"Kecewa, mereka yang berjuang untuk kebenaran malah ditekan.",sadness
Hati ini sakit melihat kejahatan dibiarkan begitu saja.,sadness
"Polisi harusnya jadi pelindung, bukan sumber ketakutan.",sadness
Kenapa keadilan selalu sulit didapat?,sadness
"Kecewa, keadilan terasa semakin jauh.",sadness
"Polisi ada, tapi rasa aman seakan menghilang.",sadness
Sedih melihat hukum tak berpihak pada yang lemah.,sadness
"Kasus terus bertambah, tapi penyelesaian terasa lambat.",sadness
"Rakyat menangis, polisi tetap diam.",sadness
Tak ada yang bisa diharapkan jika hukum terus dipermainkan.,sadness
Kenapa kejahatan terus berulang tanpa solusi?,sadness
Miris melihat aparat seolah tutup mata terhadap penderitaan rakyat.,sadness
"Polisi harusnya melindungi, bukan membuat resah.",sadness
"Sudah lapor, tapi tetap tak ada hasil.",sadness
Sedih melihat kebenaran kalah oleh kepentingan.,sadness
Bagaimana bisa percaya kalau keadilan hanya untuk yang berduit?,sadness
"Hukum hanya tajam ke bawah, itu menyakitkan.",sadness
"Lelah berharap ada perubahan, tapi tetap sama saja.",sadness
"Polisi seharusnya mendengar jeritan rakyat, bukan hanya atasan.",sadness
"Miris, kasus lama belum selesai, kasus baru sudah menumpuk.",sadness
Kenapa rakyat kecil harus selalu menjadi korban?,sadness
Polisi terlalu lamban saat rakyat benar-benar butuh bantuan.,sadness
"Menyedihkan, banyak yang kehilangan nyawa tanpa kejelasan hukum.",sadness
"Polisi ada, tapi keadilan tetap sulit ditemukan.",sadness
Hati ini hancur melihat aparat yang tak bisa diandalkan.,sadness
"Korban butuh perlindungan, bukan sekadar laporan yang diabaikan.",sadness
Tak ada harapan jika hukum hanya berpihak pada yang kuat.,sadness
Kenapa kasus bisa hilang begitu saja tanpa jawaban?,sadness
Polisi hanya bergerak cepat kalau ada tekanan publik.,sadness
"Kecewa, mereka yang berani bicara malah dibungkam.",sadness
"Polisi harusnya bekerja untuk rakyat, bukan melawan rakyat.",sadness
"Sedih, hukum seperti hanya ada di atas kertas.",sadness
Kepercayaan semakin terkikis karena kasus yang tak terselesaikan.,sadness
"Polisi diam, sementara rakyat terus menderita.",sadness
"Laporan dibuat, tapi tindakan tak pernah nyata.",sadness
Miris melihat hukum yang tak memberi kepastian bagi korban.,sadness
"Polisi ada, tapi kenapa rasa takut masih menghantui?",sadness
Sedih melihat ketidakadilan masih merajalela.,sadness
"Keadilan seharusnya untuk semua, bukan hanya yang berkuasa.",sadness
"Polisi harusnya memberi solusi, bukan semakin menambah luka.",sadness
Kenapa suara rakyat selalu diabaikan?,sadness
Miris melihat orang jujur malah dijadikan tersangka.,sadness
Harus seviral apa agar ada tindakan?,sadness
"Sedih, mereka yang benar malah ditekan.",sadness
"Polisi hadir di mana-mana, tapi kejahatan tetap merajalela.",sadness
Susah percaya kalau kasus bisa benar-benar selesai.,sadness
Hukum yang tidak adil lebih menyakitkan dari kejahatan itu sendiri.,sadness
Rakyat kecil hanya bisa menangis tanpa kepastian hukum.,sadness
"Miris, bukti sudah jelas tapi prosesnya tetap berlarut-larut.",sadness
"Polisi janji memperbaiki citra, tapi kenyataannya tetap sama.",sadness
Kecewa karena hukum seperti panggung sandiwara.,sadness
Sedih melihat harapan rakyat dipermainkan oleh sistem.,sadness
Keadilan terasa semakin langka dan mahal.,sadness
"Polisi harusnya jadi pelindung, bukan sumber kesedihan.",sadness
"Setiap hari berharap perubahan, tapi tetap mengecewakan.",sadness
"Polisi ada, tapi keadilan terasa semakin jauh.",sadness
"Kami hanya ingin merasa aman, tapi itu pun sulit.",sadness
"Miris, hukum seperti dipermainkan oleh mereka yang berkuasa.",sadness
Sedih melihat laporan kami hanya dianggap angin lalu.,sadness
"Polisi harusnya membantu, bukan malah memperumit masalah.",sadness
"Kecewa, bukti jelas tapi tetap tak ada tindakan.",sadness
Sampai kapan rakyat kecil terus menjadi korban?,sadness
"Harapan mulai hilang, hukum semakin tak bisa dipercaya.",sadness
"Polisi janji menegakkan hukum, tapi kenyataannya berbeda.",sadness
"Kasus-kasus lama tak pernah ada ujungnya, hanya menumpuk.",sadness
Sedih melihat aparat yang lebih sibuk pencitraan daripada bertindak.,sadness
Polisi terlalu sering menunda hingga korban terlupakan.,sadness
"Setiap laporan harus viral dulu baru diproses, miris.",sadness
"Polisi hadir di mana-mana, tapi rasa aman tak pernah ada.",sadness
Bukankah tugas mereka melindungi? Kenapa malah menakutkan?,sadness
"Jika keadilan hanya untuk segelintir orang, lalu kami ini siapa?",sadness
Polisi seolah lupa bahwa mereka bekerja untuk rakyat.,sadness
Sedih melihat mereka lebih peduli pada jabatan daripada masyarakat.,sadness
"Miris, rakyat hanya bisa berharap tanpa kepastian.",sadness
"Polisi terlalu lambat dalam menindak, padahal nyawa taruhannya.",sadness
"Banyak janji perbaikan, tapi realitanya tetap sama.",sadness
Bagaimana bisa merasa aman jika yang seharusnya melindungi malah diam?,sadness
"Korban terus bertambah, tapi solusi tak kunjung datang.",sadness
"Polisi sering berjanji, tapi lebih sering menghilang.",sadness
"Kepercayaan sudah terkikis, dan mereka tak berusaha memperbaiki.",sadness
Kenapa korban harus berjuang sendiri mencari keadilan?,sadness
Polisi lebih cepat menangkap kritik daripada menangkap penjahat.,sadness
Sedih melihat hukum dipermainkan seperti lelucon.,sadness
"Polisi yang baik ada, tapi sulit ditemukan.",sadness
"Kecewa, mereka yang seharusnya membela justru menyakiti.",sadness
"Jika hukum bisa dibeli, lalu apa gunanya keadilan?",sadness
"Miris, rakyat berteriak tapi tak ada yang mendengar.",sadness
"Polisi harusnya jadi harapan, bukan sumber ketakutan.",sadness
"Semakin banyak laporan, semakin banyak pula yang diabaikan.",sadness
"Hukum tumpul ke atas, tajam ke bawah, menyedihkan.",sadness
"Polisi harusnya mengayomi, bukan malah menambah luka.",sadness
"Setiap harapan yang diberikan, selalu berakhir mengecewakan.",sadness
"Polisi harus sadar, kepercayaan rakyat bukan sesuatu yang abadi.",sadness
Semoga pelayanan kepolisian semakin baik ke depannya.,netral
"Polisi punya tugas berat, semoga selalu amanah dalam menjalankannya.",netral
Penegakan hukum yang tegas dan adil akan membuat masyarakat lebih percaya.,netral
Banyak hal yang bisa diperbaiki dalam sistem kepolisian kita.,netral
Semoga koordinasi antara polisi dan masyarakat semakin kuat.,netral
Kinerja kepolisian perlu transparansi agar publik bisa menilai dengan objektif.,netral
"Polisi harusnya hadir untuk memberi kepastian, bukan ketidakpastian.",sadness
Sedih melihat kasus besar lenyap begitu saja.,sadness
"Kenapa yang benar malah ditindas, sementara yang salah dilindungi?",sadness
"Polisi harusnya mengembalikan kepercayaan rakyat, bukan menghilangkannya.",sadness
"Keadilan itu hak semua orang, bukan hanya mereka yang punya koneksi.",sadness
Takut melapor karena bisa-bisa malah jadi korban.,fear
Kenapa rasanya lebih takut pada polisi daripada penjahat?,fear
"Jika hukum bisa dipermainkan, bagaimana nasib orang kecil?",fear
"Polisi harusnya melindungi, tapi malah bikin was-was.",fear
Takut bicara jujur karena bisa berujung masalah.,fear
Gimana bisa percaya kalau laporan sering diabaikan?,fear
Rakyat kecil selalu takut jika berurusan dengan polisi.,fear
Ngeri lihat kasus yang hilang begitu saja.,fear
Takut kalau ketidakadilan ini jadi hal yang biasa.,fear
"Kalau ada masalah, justru takut lapor ke polisi.",fear
Kenapa hukum terasa lebih berat bagi rakyat biasa?,fear
"Kasus hilang, bukti lenyap, siapa yang harus kita percaya?",fear
Takut keadilan tak pernah benar-benar ada.,fear
Respons cepat dalam menangani laporan akan meningkatkan kepercayaan masyarakat.,netral
Polisi sebagai pengayom masyarakat perlu terus meningkatkan pelayanannya.,netral
"Keamanan dan ketertiban jadi tanggung jawab bersama, bukan hanya kepolisian.",netral
Masyarakat dan kepolisian harus saling mendukung demi lingkungan yang lebih aman.,netral
"Takut, karena hukum bisa tajam ke bawah dan tumpul ke atas.",fear
"Korban malah disalahkan, makin ngeri buat cari keadilan.",fear
Kedisiplinan internal kepolisian penting untuk menjaga integritas institusi.,netral
"Setiap ada kasus besar, selalu ada keanehan.",fear
"Berani melapor, tapi takut malah jadi tersangka.",fear
Takut karena keadilan hanya untuk mereka yang punya kuasa.,fear
"Melihat kejahatan bebas berkeliaran, makin ngeri hidup di sini.",fear
"Jika aparat bisa menyalahgunakan wewenang, siapa yang melindungi kita?",fear
"Polisi diam, sementara ketidakadilan terus terjadi.",fear
Takut karena banyak yang bicara benar malah dibungkam.,fear
"Miris, masyarakat mulai takut mempercayai aparat.",fear
"Setiap ada kasus viral, tiba-tiba semuanya menghilang.",fear
"Hukum harusnya melindungi, tapi kenapa terasa menakutkan?",fear
Takut kalau kejahatan justru dilindungi oleh yang berwenang.,fear
Susah percaya kalau hukum bisa berubah ke arah lebih baik.,fear
Ngeri kalau aparat bisa berbuat semaunya tanpa konsekuensi.,fear
Takut kalau sistem hukum ini tak akan pernah membaik.,fear
Banyak yang takut bicara karena bisa berujung ancaman.,fear
Takut jika ketidakadilan ini sudah dianggap wajar.,fear
"Kalau hukum tak bisa dipercaya, siapa yang bisa?",fear
"Rasa takut ini bukan tanpa alasan, terlalu banyak bukti nyata.",fear
"Jika polisi tidak bisa diandalkan, ke mana lagi harus meminta bantuan?",fear
Takut saat yang benar malah ditekan habis-habisan.,fear
Bagaimana jika kasus kita hanya berakhir sebagai statistik?,fear
Takut ketika bukti jelas tapi tidak ada tindakan.,fear
"Polisi harusnya hadir sebagai pelindung, bukan sumber ketakutan.",fear
Ngeri kalau sistem ini terus melahirkan ketidakadilan.,fear
"Jika rakyat kecil tak pernah menang di mata hukum, lalu untuk apa hukum itu ada?",fear
Takut lihat berita kalau aparat bisa sesukanya tanpa hukuman.,fear
"Melawan kejahatan itu berat, tapi lebih berat kalau aparat ikut bermain.",fear
Takut kalau kita sudah terbiasa dengan hukum yang timpang.,fear
"Polisi harusnya memberi rasa aman, bukan cemas.",fear
Bagaimana bisa percaya kalau kejahatan tetap merajalela?,fear
Takut kalau hukum hanya tunduk pada uang dan kekuasaan.,fear
"Kasus besar tak tersentuh, tapi yang kecil langsung dihukum.",fear
Takut karena hukum lebih sering berpihak pada yang kaya.,fear
"Polisi janji reformasi, tapi yang terjadi malah sebaliknya.",fear
"Jika hukum hanya formalitas, lalu untuk apa?",fear
Saya percaya polisi bisa menegakkan keadilan dengan adil.,trust
Semoga polisi tetap berintegritas dan menjaga kepercayaan rakyat.,trust
Saya yakin masih banyak polisi yang bekerja dengan hati nurani.,trust
Polisi yang jujur akan selalu mendapat tempat di hati masyarakat.,trust
Percaya bahwa hukum akan ditegakkan tanpa pandang bulu.,trust
Kami berharap polisi selalu melindungi yang lemah.,trust
Kepercayaan rakyat adalah aset terbesar kepolisian.,trust
Saya yakin ada polisi yang bekerja demi kebaikan negeri ini.,trust
Polisi adalah garda terdepan dalam menjaga ketertiban masyarakat.,trust
Kami percaya polisi bisa menjadi harapan bagi keadilan.,trust
Integritas polisi adalah pondasi utama kepercayaan publik.,trust
Teknologi bisa membantu polisi dalam meningkatkan efektivitas tugasnya.,netral
Perbaikan di berbagai sektor kepolisian akan membawa dampak positif bagi masyarakat.,netral
Setiap laporan dari masyarakat seharusnya ditindaklanjuti sesuai prosedur.,netral
Kepolisian yang bekerja profesional akan membawa dampak baik bagi sistem hukum kita.,netral
"Semakin profesional kepolisian, semakin aman masyarakat dalam beraktivitas.",netral
Kejujuran polisi adalah harapan bagi masa depan hukum di negeri ini.,trust
Kami percaya masih ada polisi yang benar-benar mengabdi untuk rakyat.,trust
Rakyat membutuhkan polisi yang bisa dipercaya dan diandalkan.,trust
Saya yakin polisi akan terus bekerja untuk menegakkan hukum dengan tegas.,trust
Kepercayaan masyarakat adalah tanggung jawab yang harus dijaga oleh kepolisian.,trust
Kami percaya hukum akan tegak jika polisi bekerja dengan jujur.,trust
Polisi yang transparan akan selalu mendapat dukungan rakyat.,trust
Kami berharap polisi terus bekerja dengan penuh dedikasi.,trust
Keberanian polisi dalam menegakkan keadilan patut diapresiasi.,trust
Saya yakin ada polisi yang bekerja dengan hati untuk rakyat.,trust
Kami percaya reformasi kepolisian akan membawa perubahan positif.,trust
Polisi adalah simbol perlindungan yang harus dijaga dengan baik.,trust
Kami yakin polisi bisa menjadi panutan dalam menegakkan hukum.,trust
Polisi yang bertanggung jawab akan selalu dihormati rakyat.,trust
Saya percaya kepolisian bisa memperbaiki citranya dengan kerja nyata.,trust
Kepastian hukum bisa terwujud jika polisi bekerja dengan kejujuran.,trust
Keamanan masyarakat ada di tangan polisi yang bekerja dengan tulus.,trust
Saya yakin polisi bisa menjadi pilar keadilan di negeri ini.,trust
Polisi yang setia pada sumpahnya akan selalu dihormati rakyat.,trust
Kami percaya masih ada polisi yang bekerja tanpa pamrih.,trust
Polisi yang profesional adalah harapan bagi sistem hukum yang lebih baik.,trust
Saya yakin polisi bisa membawa rasa aman bagi masyarakat.,trust
Keadilan akan terwujud jika polisi bekerja dengan transparansi.,trust
Kepercayaan masyarakat terhadap polisi harus dijaga dengan baik.,trust
Polisi yang bekerja dengan prinsip kejujuran akan selalu mendapat dukungan.,trust
Saya percaya kepolisian bisa semakin dekat dengan rakyat.,trust
Polisi yang baik adalah mereka yang selalu berpihak pada kebenaran.,trust
Kami percaya polisi bisa menjadi bagian dari perubahan positif.,trust
Kepolisian yang profesional akan membawa keamanan bagi seluruh rakyat.,trust
Kami percaya polisi bisa membangun kembali kepercayaan masyarakat.,trust
Polisi yang bekerja dengan hati akan selalu mendapat penghormatan.,trust
Kepercayaan rakyat akan semakin kuat jika polisi terus berbenah.,trust
Kami yakin kepolisian bisa menjadi simbol keadilan yang sesungguhnya.,trust
Polisi yang bertanggung jawab akan selalu mendapat tempat di hati rakyat.,trust
Saya yakin kepolisian bisa menjaga keadilan untuk semua.,trust
Kami percaya polisi akan selalu berada di pihak yang benar.,trust
Hukum akan berjalan baik jika polisi bekerja dengan penuh tanggung jawab.,trust
Polisi yang disiplin akan membawa perubahan besar bagi negeri ini.,trust
Kami yakin kepolisian akan terus melindungi masyarakat dengan sepenuh hati.,trust
Polisi yang bekerja dengan jujur akan selalu mendapat dukungan rakyat.,trust
Saya percaya kepolisian mampu memberantas kejahatan dengan tegas.,trust
Polisi yang berani menegakkan kebenaran adalah pahlawan bagi rakyat.,trust
Kami percaya kepolisian bisa menjaga keamanan dengan lebih baik.,trust
Polisi adalah garda terdepan dalam menciptakan ketertiban di masyarakat.,trust
Integritas polisi adalah hal yang sangat berharga bagi bangsa ini.,trust
Saya yakin kepolisian terus berusaha memperbaiki sistem penegakan hukum.,trust
Keamanan akan lebih terjamin jika polisi bekerja dengan penuh dedikasi.,trust
Kami percaya polisi bisa menindak kejahatan tanpa pandang bulu.,trust
Polisi yang bekerja dengan profesionalisme tinggi akan selalu dihormati.,trust
Saya yakin ada polisi yang benar-benar ingin melindungi rakyat.,trust
Kepolisian yang kuat akan menciptakan rasa aman di tengah masyarakat.,trust
Kami yakin polisi bisa mengembalikan kepercayaan masyarakat dengan kerja nyata.,trust
Polisi yang menjalankan tugasnya dengan hati nurani akan dihormati rakyat.,trust
Kejujuran polisi adalah kunci utama dalam membangun kepercayaan publik.,trust
Saya percaya polisi mampu menciptakan suasana yang aman dan kondusif.,trust
Kami berharap polisi tetap berkomitmen untuk memberantas segala bentuk kejahatan.,trust
Rakyat butuh polisi yang bisa menjadi panutan dalam menegakkan hukum.,trust
Saya percaya kepolisian bisa lebih transparan dalam menangani kasus.,trust
Keberanian polisi dalam melawan ketidakadilan adalah hal yang patut diapresiasi.,trust
Kami yakin polisi bisa menjalankan tugasnya tanpa intervensi dari pihak manapun.,trust
Polisi yang berpegang teguh pada prinsip keadilan akan selalu didukung rakyat.,trust
Saya percaya reformasi kepolisian akan membawa dampak positif bagi hukum.,trust
Polisi yang humanis akan lebih dekat dengan masyarakat.,trust
Kepolisian yang bertindak adil akan selalu mendapatkan kepercayaan publik.,trust
Kami yakin polisi bisa bekerja lebih baik untuk masa depan yang lebih aman.,trust
Polisi yang bertanggung jawab adalah harapan bagi bangsa ini.,trust
Saya percaya kepolisian bisa menangani kasus dengan cepat dan tepat.,trust
Kami berharap polisi tetap setia pada tugasnya untuk melindungi rakyat.,trust
Rakyat butuh polisi yang selalu menjunjung tinggi nilai keadilan.,trust
Polisi yang transparan dalam menjalankan tugasnya akan lebih dipercaya publik.,trust
Saya yakin ada banyak polisi yang masih bekerja dengan penuh integritas.,trust
Kepolisian yang baik adalah yang selalu berpihak pada kebenaran.,trust
Kami percaya polisi bisa menjadi ujung tombak dalam melawan kejahatan.,trust
Polisi yang berani menolak korupsi akan selalu mendapat dukungan rakyat.,trust
Saya yakin kepolisian akan terus berusaha menjadi lebih baik setiap hari.,trust
Kepercayaan rakyat terhadap polisi akan semakin kuat jika mereka bekerja jujur.,trust
Kami yakin kepolisian bisa meningkatkan profesionalisme dalam bertugas.,trust
Polisi yang dekat dengan rakyat akan lebih mudah menjalankan tugasnya.,trust
Saya percaya hukum bisa berjalan dengan baik jika polisi bekerja dengan jujur.,trust
Polisi yang tegas tetapi tetap humanis akan selalu dihormati masyarakat.,trust
Kami berharap polisi tetap menjaga keadilan tanpa diskriminasi.,trust
Polisi yang bekerja tanpa penyalahgunaan wewenang akan selalu didukung rakyat.,trust
Saya yakin kepolisian bisa menjadi harapan bagi hukum yang lebih baik.,trust
Polisi yang bersih dan transparan akan membawa perubahan positif bagi bangsa.,trust
Bangga melihat polisi bekerja keras menjaga keamanan masyarakat!,joy
Senang sekali melihat polisi yang jujur dan bertanggung jawab dalam tugasnya.,joy
Kepolisian yang bekerja dengan hati nurani benar-benar patut diapresiasi!,joy
Bahagia melihat polisi semakin profesional dalam menangani berbagai kasus.,joy
Rakyat pasti lebih tenang jika polisi terus bekerja dengan baik seperti ini.,joy
Salut untuk polisi yang terus berusaha menciptakan lingkungan yang aman!,joy
Keamanan semakin terjamin berkat kerja keras polisi yang berdedikasi.,joy
Senang sekali melihat kepolisian semakin transparan dalam bekerja!,joy
Polisi yang jujur dan tegas benar-benar membawa harapan bagi masyarakat.,joy
"Tidak semua polisi buruk, masih banyak yang menjalankan tugas dengan baik.",netral
Profesionalisme dalam bertugas akan membuat kepolisian semakin dihormati.,netral
"Keamanan dan ketertiban butuh kerja sama semua pihak, bukan hanya tugas polisi.",netral
Setiap individu di kepolisian punya tanggung jawab untuk menjaga citra institusi.,netral
Hati terasa lebih tenang saat melihat polisi hadir di tengah masyarakat.,joy
Kerja polisi yang luar biasa membuat lingkungan jadi lebih kondusif.,joy
Saya sangat mengapresiasi polisi yang selalu mengutamakan keadilan.,joy
Senang melihat polisi membantu rakyat kecil tanpa pandang bulu!,joy
Bangga dengan polisi yang selalu mengedepankan integritas dalam bertugas.,joy
Kepolisian yang transparan adalah bukti kemajuan penegakan hukum di negeri ini!,joy
Bahagia melihat polisi semakin humanis dalam melayani masyarakat.,joy
Polisi yang bekerja tanpa korupsi adalah harapan besar bagi bangsa ini!,joy
Polisi yang responsif terhadap laporan warga benar-benar luar biasa!,joy
Salut untuk polisi yang selalu hadir di saat rakyat membutuhkan bantuan.,joy
Hukum bisa berjalan dengan baik jika polisi terus bekerja seperti ini!,joy
Senang melihat polisi semakin inovatif dalam menangani masalah keamanan.,joy
Kepolisian yang disiplin dan profesional adalah kebanggaan bangsa!,joy
Polisi yang terus berbenah diri akan semakin dicintai rakyatnya.,joy
Keberanian polisi dalam menindak kejahatan patut diapresiasi!,joy
Makin bangga dengan kepolisian yang berani melawan praktik korupsi!,joy
Polisi yang peduli pada masyarakat akan selalu mendapatkan kepercayaan penuh.,joy
Bangga melihat polisi melayani rakyat dengan sepenuh hati.,joy
Polisi yang cepat tanggap dalam bertugas benar-benar menginspirasi!,joy
Sungguh menyenangkan melihat kepolisian semakin bersih dan transparan.,joy
Polisi yang berintegritas tinggi selalu mendapat tempat di hati masyarakat.,joy
Senyum polisi yang ramah membuat masyarakat merasa lebih dekat.,joy
Hebat! Polisi semakin sigap dalam menangani berbagai situasi darurat.,joy
Kepolisian yang cerdas dan inovatif benar-benar membawa angin segar!,joy
Polisi yang adil akan selalu mendapat tempat di hati masyarakat.,joy
Bangga melihat polisi mengayomi rakyat dengan penuh ketulusan!,joy
Polisi yang bekerja tanpa pamrih adalah pahlawan sejati bangsa!,joy
Salut untuk kepolisian yang makin aktif dalam membangun hubungan baik dengan rakyat.,joy
Polisi yang bertindak tegas terhadap pelanggar hukum layak mendapat penghargaan!,joy
Percuma laporan kalau akhirnya dibiarkan begitu saja!,anger
"Mereka harusnya melindungi rakyat, bukan malah bikin takut!",anger
Kepolisian yang makin transparan membuat rakyat lebih percaya.,joy
Polisi yang bekerja dengan hati akan selalu dikenang jasanya.,joy
Bangga dengan polisi yang sigap dalam memberikan pertolongan.,joy
Hebat! Polisi semakin terbuka dalam menerima kritik dan masukan rakyat.,joy
Kepolisian yang semakin baik akan membawa dampak besar bagi bangsa ini.,joy
Polisi yang bersih dan amanah akan selalu mendapat dukungan penuh dari rakyat.,joy
