preprocessed_result,emotion
sedih polisi tangguh laku keroyok hibur malam,sedih
tegak hukum adil polisi jujur,percaya
polisi jujur bela rakyat,percaya
polisi bersih uang haram,percaya
polisi bersih jujur adil,percaya
mana polisi jujur,sedih
polisi jujur bijaksana adil tugas,percaya
senang jujur nilai,senang
polisi jujur tulus maaf,percaya
polisi bukti institusi polisi tegak adil jujur intimidasi,percaya
percaya kinerja polisi sungguh adil,sedih
untuk polisi jujur adil maksimal ucap terimakasih,percaya
sungguh polri kecewa rakyat,sedih
polisi jujur adil sopan ramah,percaya
juta orang percaya polisi,percaya
polisi mesti berani jujur laku adil,percaya
rakyat dukung polisi jujur adil berani benar,percaya
hukum indonesia butuh polisi jujur adil,percaya
dukung kerja polisi jujur adil manusiawi,percaya
terima kasih polri lembaga jaga wujud milu jujur adil,percaya
polisi indonesia jujur adil,percaya
terima kasih polisi jujur adil,percaya
susah cari polisi jujur adil,sedih
masalah bangsa tegak hukum polisi percaya rakyat,sedih
prihatin polisi jujur adil minim,sedih
tambah kinerja polisi polisi jujur adil lindung rakyat,percaya
polisi sikap adil jujur,percaya
polisi zaman sakarang jujur adil,percaya
masyarakat indonesia senang polisi jujur adil,senang
senang polri gelar bakti sosial ringan beban masyarakat,senang
polisi alat kuasa tegak hukum amanah jujur adil,sedih
kagum polisi polisi jujur adil tolong selesai suai hukum,sedih
polri tindak jujur adil hukum jadi alat kuasa tindas lemah,percaya
polisi yang jujur laku adil,percaya
polisi jalin silaturahmi masyarakat dengar keluh kesah aspirasi masyarakat,percaya
polisi integritas kinerja andal,percaya
sedih polisi ulah terima sogok usaha,sedih
kinerja polisi,percaya
masyarakat puas kinerja polri aman milu,senang
percaya kinerja polisi,percaya
henti harap kinerja polisi masyarakat gerak,sedih
benci kinerja polisi curi motor mobil,marah
penting tingkat kinerja polisi,percaya
lihat kinerja polisi hancur,sedih
apresiasi dalam dedikasi kinerja polisi,senang
hebat kinerja polisi tangkap laku kriminal,senang
senang kinerja polisi tangkap edar,senang
lembaga negara percaya polisi,marah
marah kecewa percaya,marah
salut bangga kinerja polisi berantas kriminalitas,senang
patut apresiasi kinerja polisi gerak cepat tangkap edar narkoba,senang
salut kinerja polisi tanggap selesai,senang
apresiasi polisi jasa bongkar menarkoba,senang
ayo polisi berantas habis laku menarkoba,percaya
kinerja polri polisi,percaya
kecewa kinerja polisi buruk,sedih
senang jujur integritas kuat tubuh polisi,senang
aman polisi jaga aman nyaman masyarakat,percaya
polisi kinerja kayak tai,marah
kinerja polisi bagus,percaya
senang polisi dengar keluh kesah masyarakat ayom masyarakat,senang
pantul kinerja polisi,senang
publik puas kinerja polisi,senang
alhamdulillah terima kasih polisi,senang
polisi terima kasih,senang
terima kasih kapolresta peduli fasilitas publik,senang
polisi peduli bersih indah kota terima kasih,senang
terima kasih polisi peduli bersih indah kota,senang
terima kasih polisi udah siaga aman arus mudik moga sehat lancar tugas,senang
mantap polisi matang lebaran,senang
terima kasih polisi pulang mudik macet lancar jalan,senang
pulang mudik macet lancar jalan terima kasih polisi,senang
alhamdulillah mudik maju terima kasih polisi,senang
mantap deh pokok polisi,senang
terima kasih polisi moga sehat lancar rejeki,senang
terima kasih polisi mudik lancar aman macet tangan,senang
terima kasih polisi layan baik masyarakat,senang
mantap tangan mudik polisi,senang
terima kasih polisi sehat laksana tugas,senang
masyarakat terima kasih layan polisi,senang
terima kasih polisi senang mudik lancar aman macet,senang
alhamdulillah mudik jaga polisi terima kasih dedikasi,senang
henti buat polisi,percaya
terima kasih jajar polri indonesia,senang
terima kasih polisi aman nyaman tiap jalan,senang
terima kasih polisi mudik tidak kena macet lacar banget pokok semangat deh polisi tugas,senang
mantap mudik lebaran keluarga aman lancar,senang
terima kasih bu polisi tugas,senang
hebat polisi arus mudik lebaran aman nyaman terima kasih polri,senang
terima kasih polisi atur jalan,senang
terima kasih jaga aman nyaman,senang
terima kasih polisi sehat,senang
terima kasih polisi sedia aman,senang
keren polisi indonesia,senang
terima kasih polisi layan baik,senang
terima kasih polisi mudik tenang aman kendali,senang
terima kasih polisi aman mudik,senang
terima kasih polisi indonesia dedikasi lindung masyarakat patut acung jempol,senang
terima kasih dukung polisi,senang
terima kasih bu polisi,senang
terima kasih polwan,senang
terima kasih polw,senang
polisi cepat tanggap peka terima kasih polisi keras,senang
polisi ini cepat tanggap peka,senang
terima kasih polisi keras,senang
saat ancam lindung terima kasih polisi tni semangat,senang
terima kasih polisi wakil,senang
terima kasih polisi baik,senang
moga polisi profesional tugas,netral
tugas polisi berat moga depan,netral
aman moga polisi sigap,netral
polisi peran masyarakat moga transparan,netral
tugas tantang moga polisi kompeten,netral
moga lapor masyarakat ditindaklanjuti cepat,netral
proses moga tangan,netral
kinerja polisi evaluasi kala biar optimal,netral
gimana aman masyarakat tangan polisi,netral
moga polisi jalan tugas,netral
masyarakat butuh polisi responsif,netral
polisi adaptasi kembang zaman biar efektif,netral
layan polisi cepat transparan,netral
aman butuh kerja polisi masyarakat,netral
polisi contoh taat hukum,netral
tangan polisi transparan,netral
moga polisi masyarakat,netral
profesionalitas tugas kunci percaya publik,netral
transparan percaya,netral
tugas polisi berat akuntabel,netral
polisi manusia jalan tugas,netral
moga polisi jujur integritas,netral
tegas polisi imbang adil,netral
baik terus sistem polisi,netral
lupa polisi lindung rakyat,netral
layan publik tingkat percaya masyarakat,netral
polisi cinta rakyat,netral
moga reformasi polisi jalan arah,netral
tugas berat polisi imbang tanggung,netral
hukum tegak pandang bulu polisi peran,netral
polisi manusia profesional,netral
cepat respons polisi masyarakat,netral
polisi transparan tangan,netral
tegak hukum tingkat aman,netral
polisi layan masyarakat penuh hati,netral
kinerja polisi evaluasi biar efektif,netral
tegas polisi rugi masyarakat,netral
hebat polisi pikir cepat,senang
polisi cari laku keren banget,senang
jaya polisi indonesia,senang
orator aksi kecewa halau polisi,sedih
terima kasih polisi bantu aman,senang
terima kasih polisi selamat korban,senang
terima kasih polres serang jaga kondusifitas kota,senang
keren terima kasih polisi,senang
good job polisi terima kasih evakuasi laku,senang
terima kasih polisi moga cepat usut tuntas,senang
terima kasih polisi rela bantu warga,senang
terima kasih polisi inspirasi,senang
terima kasih polisi bantu,senang
salut banget polisi terima kasih,senang
terima kasih polisi jaga lelah,senang
terima kasih polisi kronologi,senang
terima kasih polri upaya hormat jasa pahlawan,senang
terima kasih polisi jalan tugas kawal,senang
keren ini program terima kasih polisi karya inovasi ayom,senang
terus karya inovasi ayom terima kasih polisi sehat,senang
terima kasih kapolri komitmen polisi jaga satu satu bangsa,senang
bangga polisi layan hati tugas penuh amanah,senang
cepat tanggap polisi,senang
terima kasih polisi gerak cepat,senang
dukung wujud terima kasih baik polisi,senang
terima kasih saran polisi,senang
terima kasih polisi haru,senang
mantap terima kasih polisi tangkap laku,senang
hadir saat butuh terima kasih polw,senang
hadir tengah masyarakat terima kasih polri,senang
manusia manusia terima kasih polri,senang
jiwa raga manusia terima kasih polri peduli,senang
terima kasih polri bagi buku ilmu,senang
terima kasih hadir tengah masyarakat,senang
bagi buku ilmu terima kasih polri,senang
terima kasih polisi hadir tengah masyarakat,senang
jarang layar kaca nyata lapang terima kasih polisi,senang
terima kasih kapolres masyarakat terima kasih bantun,senang
mantap langsung tahu terima kasih polisi,senang
polisi wajib kasih harga perhati,senang
jarang polisi terima kasih polri moga sejahtera,senang
alhamdulillah terima kasih polisi hukum berat beratmya mahluk kayak,marah
polisi goblok terima kasih,senang
terima kasih polisi hadap senyum laksana tugas,senang
terima kasih polisi ungkap benar,senang
terima kasih polisi relawan maksimal,senang
terima kasih polisi tegak adil,senang
terima kasih bantu polisi,senang
mantap polisi,senang
terima kasih polisi salut,senang
terima kasih polisi bantu evakuasi,senang
terima kasih dedikasi kontribusi polisi,senang
terima kasih polisi siaga bantu masyarakat mari waspada,senang
terima kasih polisi bantu warga,senang
terima kasih polisi juang jaga aman,senang
terima kasih polisi keras jaga batas laut,senang
terima kasih polisi himbau bagus,senang
terima kasih polisi keras selesai,senang
terima kasih polisi tindak,senang
profesional hormat,netral
tindak polisi didik masyarakat,netral
layan percaya masyarakat,netral
polisi jaga netralitas tugas,netral
tegak hukum adil bikin masyarakat percaya polisi,netral
moga polisi utama adil tindak,netral
polisi lindung rakyat,netral
kinerja polisi tentu aman masyarakat,netral
polisi milik tugas utama tegak hukum jaga tertib,netral
motor terima kasih polisi,senang
salut polisi tolong sopir truk kontainer pingsan,senang
kena terima kasih polisi,senang
terima kasih polisi hadir layan,senang
terima kasih polisi hadir layan abdi penuh hati,senang
terima kasih polisi keras ungkap,senang
terima kasih polisi cegah jahat moga depan jahat ungkap,senang
terima kasih polisi cegah jahat,senang
kinerja polisi bikin sedih banget,sedih
sedih kerja polisi,sedih
polisi bikin sedih,sedih
tidak habis pikir kinerja polisi sedih banget,sedih
kecewa kinerja polisi harap baik,sedih
kinerja polisi puas evaluasi,sedih
tegak hukum adil transparan,percaya
harap polisi profesional jalan tugas,percaya
percaya masyarakat polisi jaga tindak nyata,percaya
geram kinerja polisi kecewa,marah
polisi semrawut,marah
kinerja polisi frustrasi tanggung,marah
muak polisi tegak hukum standar ganda,marah
aparat tegak hukum polisi malu,marah
kecewa polisi tangan,sedih
putus ambil polisi sungguh kecewa cermin adil,sedih
sulit percaya polisi profesional,sedih
masyarakat khianat polisi lindung rugi,sedih
polisi abai adil penting masyarakat,marah
polisi ayom aman,percaya
sedih polisi lindung rakyat kecewa,sedih
miris hukum tegak adil polisi,sedih
hilang harap tangan serius,sedih
polisi harap rakyat kecewa,sedih
sungguh sedih rakyat takut lapor percaya polisi,sedih
kali biar kecewa,sedih
sakit oknum polisi salah guna wenang,sedih
adil urus polisi,sedih
harap polisi pihak rakyat,percaya
takut lapor polisi khawatir adil,takut
kali aman diam urus polisi,takut
lindung polisi timbul takut,takut
khawatir bicara keras salah,takut
tangan takut hukum negara,takut
kadang takut hukum pihak kuasa,takut
takut lawan tidakadil polisi bela salah,takut
tegang kali razia salah,takut
aman polisi cemas,takut
takut butuh bantu polisi peduli,takut
percaya polisi ubah,percaya
kritik polisi jujur,percaya
percaya masyarakat jaga harap polisi benah,percaya
percaya polisi hati nurani,percaya
polisi dukung,percaya
jujur integritas tegak niat polisi,percaya
polisi bukti jaga adil,percaya
polisi jujur dukung,percaya
percaya hukum jalan adil polisi komitmen,percaya
polisi peduli adil harap negeri,percaya
kecewa kinerja,sedih
takut lapor polisi takut sulit,takut
urus polisi kali bikin cemas,takut
lapor polisi takut sangka,takut
razia polisi bikin deg degan,takut
takut polisi bela uang,takut
kadang aman diam urus polisi,takut
takut hukum lindung rakyat,takut
kali rakyat takut suara polisi,takut
takut polisi pihak penting,takut
takut polisi tegak hukum,takut
aman polisi percaya,takut
takut adil beli uang,takut
polisi lindung bikin takut,takut
takut polisi salah guna kuasa,takut
harap polisi adil takut mimpi,takut
takut polisi hilang percaya rakyat,takut
takut lapor tindak adil,takut
hukum takut tegak,takut
kadang takut polisi jahat,takut
rakyat kecewa kinerja polisi,sedih
takut adil milik kuasa,takut
takut lapor polisi kali korban lindung layak,takut
orang ragu bantu polisi takut sulit anggap serius,takut
takut hadap polisi profesional salah guna wenang,takut
tegak adil rakyat takut sayang,takut
takut bicara kritis polisi,takut
aman aparat lindung tindak semena pena,takut
khawatir urus polisi hasil kali tebak,takut
takut berita orang cari adil tekan aparat,takut
takut korban tidakadil polisi peduli,takut
kadang pilih diam lapor polisi takut sulit curiga,takut
sulit percaya polisi penuh tindak suai hukum,sedih
takut alam hukum salah sistem pihak rakyat,takut
kali demonstrasi protes takut polisi tindak timbang hak rakyat,takut
tangan adil takut hukum negeri,takut
cemas oknum polisi tindak wenang wenang sanksi,takut
takut nyata adil beli polisi pihak,takut
rakyat aman lindung tindak kasar,takut
takut polisi percaya jaga adil,takut
khawatir polisi lindung penting masyarakat layan,takut
percaya polisi jujur,percaya
percaya rakyat jaga polisi,percaya
polisi adil dukung masyarakat,percaya
polisi benah,percaya
adil wujud polisi hati,percaya
percaya polisi keras,percaya
profesionalisme polisi kunci percaya rakyat,netral
polisi peduli rakyat,percaya
polisi bersih dukung penuh,percaya
percaya polisi tegak hukum adil,percaya
integritas polisi tentu hukum negeri,netral
jujur polisi harap masyarakat,percaya
percaya hukum tegak polisi tulus,percaya
polisi junjung benar rakyat dukung,percaya
polisi hati percaya,percaya
polisi juang adil,percaya
percaya masyarakat aset besar polisi,netral
percaya polisi contoh tegak hukum,percaya
polisi amanah hati rakyat,percaya
ubah positif polisi,percaya
percaya polisi jujur semangat benar kerja,percaya
kritik gue polisi tulus rakyat,percaya
polisi tertib mobil kacau jalan,percaya
moga polisi kuat tidak bawa arus negatif,percaya
gue percaya polisi kerja benar harga masyarakat,percaya
tidak polisi buruk benar adil,percaya
salut polisi benar adil,percaya
percaya deh polisi transparan rakyat respek,percaya
gue polisi pegang integritas semangat,percaya
polisi kerja hati percaya masyarakat,percaya
gimana tetap butuh polisi jujur,percaya
hormat polisi kerja benar gaya doang,percaya
polisi profesional aset negara moga kaya begini,percaya
percaya polisi jujur salah tetap kritik,percaya
gue polisi juang rakyat penting,percaya
polisi suai prosedur atur laku,netral
lapor masyarakat proses suai tentu hukum,netral
tugas polisi jalan tugas bidang lintas kriminalitas,netral
polisi milik wenang selidik,netral
anggota polisi ikut latih tugas,netral
masyarakat aju adu alam kait hukum,netral
polisi milik unit tangan beda,netral
tindak polisi suai undang laku,netral
gue polisi sayang kalah suara,percaya
polisi patroli rutin jaga aman wilayah,percaya
polisi jujur rakyat tidak ragu percaya,percaya
gue percaya polisi bukti emang serius jaga adil,percaya
percaya rakyat mahal tidak dapat kerja hati,percaya
gue percaya polisi profesional kerja penting pribadi,percaya
jujur aja polisi buruk sorot,percaya
semangat polisi kerja jujur moga kayak begini,percaya
polisi amanah adil hormat rakyat,percaya
gue percaya polisi berani lawan korupsi dalam,percaya
tidak polisi buruk benar kerja rakyat apresiasi,percaya
moga polisi benah biar percaya masyarakat,percaya
salut polisi jujur berani tegak hukum adil,percaya
polisi transparan profesional percaya masyarakat tingkat,percaya
percaya polisi kerja hati moga,percaya
hukum polisi jalan tugas integritas,percaya
percaya polisi jujur moga ubah positif,percaya
rakyat butuh pasti hukum janji manis ujung ujung zonk,marah
gimana rakyat percaya salah lindung ditekan,marah
tugas utama polisi lindung rakyat tindas sulit,marah
lapor proses suai prosedur,netral
polisi lembaga tegak hukum,netral
polisi tugas atur lintas lancar transportasi,netral
harap polisi ujung kecewa,sedih
polisi milik sistem lapor online mudah masyarakat,netral
daerah milik kantor polisi fungsi layan masyarakat,netral
anggota polisi dipindahtugaskan daerah suai bijak,netral
masyarakat akses informasi kinerja polisi lapor tahun,netral
polisi teknologi dukung proses investigasi,netral
kinerja buruk gaji naik kerja aja tidak becus,marah
gilir demo rakyat langsung tindak koruptor kawal santai,marah
tegak hukum jahat gimana rakyat percaya,marah
polisi tugas tilang jalan coba lihat jahat mata,marah
pamer prestasi media lapang abai,marah
kasih wenang lindung rakyat sari untung pribadi,marah
susah banget cari polisi kerja rakyat sibuk cari aman,marah
hukum miskin kaya mah bebas,marah
polisi tugas bikin aman bikin rakyat takut,marah
oknum benar,marah
hukum beli rakyat tinggal pasrah aja,marah
tidak sok wibawa pilih kasih tindak,marah
viral gercep tidak abai,marah
urus sim aja ribat isi pungli,marah
aman bayar rakyat janji palsu,marah
bukti udah mata alas proses selidik,marah
salah masyarakat tidak percaya liat kinerja,marah
rakyat protes bilang tidak hormat hukum gimana,marah
pakai ragam doang laku kaya preman jalan,marah
polisi kerja sih salah lindung,marah
citra bukti benar kerja,marah
jalan ruang sidang lempem,marah
dikit damai aja hukum negara kayak tawar tawar,marah
lapor hilang motor udah ikhlas aja serius,marah
tidak kamera sosial media tenggelam,marah
gaji pajak rakyat hancur percaya rakyat,marah
polisi lembaga tugas jaga tertib aman,netral
lapor masuk proses suai prosedur laku,netral
polisi milik unit tugas beda beda,netral
hukum tegak dasar atur tetap,netral
polisi milik wenang selidik periksa,netral
polisi koordinasi instansi kait,netral
awas kinerja polisi lembaga wenang,netral
tangan proses investigasi suai atur,netral
polisi milik peran aman giat masyarakat,netral
layan polisi cakup aspek administrasi hukum,netral
tugas polisi latih jalan tugas,netral
prosedur tangan acu hukum laku,netral
polisi peran atur lintas jaga lancar jalan,netral
polisi milik mekanisme adu masyarakat butuh,netral
jalan tugas polisi ikut standar operasional tentu,netral
lapor masyarakat salah sumber informasi polisi,netral
teknologi polisi bantu selidik,netral
polisi milik tugas jaga aman situasi,netral
laku kayak preman hormat gimana rakyat respek,marah
polisi lindung rakyat bikin susah,marah
hukum polisi tebang pilih,marah
adil uang rakyat tidak anggap,marah
bosan liat berita polisi korup benar,marah
susah banget cari polisi jujur kecewa banget,marah
polisi tidak becus kerja harap rakyat percaya,marah
rakyat butuh adil janji kosong polisi,marah
urus lapor aja ribat polisi kerja sih,marah
polisi sigap,marah
gaji pajak rakyat kerja,marah
korban polisi benar tindak,marah
garang rakyat gede tindak,marah
oknum benar diam kecewa berat,marah
tidak jujur polisi,marah
aman sih salah kuasa,marah
udah capek harap polisi begini aja,marah
dikit damai hukum,marah
kinerja buruk bangga tidak parah sih,marah
rakyat tidak butuh polisi citra butuh benar kerja,takut
polisi takut sih,takut
mata masyarakat polisi takut ayom,takut
takut polisi polisi momok yang takut motor,takut
ngeri banget polisi jaman takut,takut
jujur aja temu polisi jalan deg degan,takut
aman takut razia,takut
tidak salah takut urus polisi,takut
gimana tidak takut diputarbalikkan,takut
takut lapor gue kena,takut
udah bayar pajak gaji bikin rakyat takut,takut
takut banget jadi jalan lapor bingung percaya tidak,takut
layan publik jalan suai prosedur,netral
tugas tantang polisi,netral
jaga aman,netral
proses hukum jalan suai atur laku,netral
polisi peran tertib masyarakat,netral
lapor butuh proses,netral
harap sistem,netral
polisi manusia,netral
ubah sistem butuh tidak instan,netral
lembaga tantang,netral
tegak hukum baik,netral
profesi oknum jalan tugas,netral
masyarakat polisi dukung aman,netral
tingkat sulit beda beda,netral
tugas polisi tidak mudah profesional,netral
bijak pro kontra,netral
polisi wajib lindung masyarakat,netral
harap polisi kecewa,sedih
komunikasi masyarakat polisi,netral
kritik alas moga bahan evaluasi,netral
udah jadi aneh bikin tidak berani macem,takut
takut tuduh tidak laku,takut
atur takut tambah beban rakyat,takut
orang udah acara kena ancam,takut
takut viral proses tidak iya ilang aja,takut
ngeri urus polisi rumit,takut
jadi aneh tahan bikin was,takut
takut lapor isa damai tidak fear,takut
udah berat takut laku bebas,takut
lihat lampu strobo udah takut dulu,takut
takut razia kena aneh,takut
salah tangkap bikin aja kena,takut
jalan malam aja takut aman waspada,takut
takut tegak hukum main layar,takut
rekam jadi aja kena seram banget,takut
pasang kamera mobil takut cari,takut
lapor hilang kena biaya tambah takut lapor,takut
ngeri tilang tidak hak warga negara,takut
tidak bukti rekam takut jadi pelintir,takut
udah orang korban salah tangkap ngeri,takut
lihat berita seram rakyat kayak tidak lindung,takut
bukti kuat takut hilang aja,sedih
sedih banget hukum negara tidak adil,sedih
percaya polisi hilang kecewa banget,sedih
aman was temu polisi,sedih
capek harap ujung ujung hilang,sedih
polisi milik tugas utama jaga tertib masyarakat,netral
evaluasi kala kinerja aparat baik sistem,netral
koordinasi kait tingkat efektivitas tegak hukum,netral
suluh hukum masyarakat bantu cegah jahat,netral
teknologi manfaat tingkat efektivitas layan polisi,netral
institusi polisi adaptasi kembang zaman,netral
tegak hukum adil cipta tertib masyarakat,netral
layan publik maksimal harap warga polisi,netral
transparansi proses hukum tingkat percaya masyarakat,netral
polisi ikut prosedur tindak,netral
program tingkat kualitas sdm polisi bantu profesionalisme kerja,netral
respons cepat tangan lapor masyarakat,netral
koordinasi polisi masyarakat tingkat aman,netral
sistem adu masyarakat efektif mudah tangan,netral
polisi edukasi hukum masyarakat paham,netral
benah sistem internal dampak tingkat kinerja polisi,netral
tangan transparan akuntabel,netral
peran polisi jaga tertib dukung elemen masyarakat,netral
terima kasih polisi laksana aman,percaya
sedih lihat korban tidak adil,sedih
sulit percaya aparat,sedih
andai polisi rakyat ada,sedih
polisi harap rakyat adil,sedih
hukum main kuat menang lemah abai,sedih
lapor polisi anggap canda sakit banget,sedih
viral tindak,sedih
miris lihat korban kriminal juang,sedih
peran jaga tertib,netral
profesi tantang tanggung,netral
ruang baik sistem,netral
aman tanggung polisi,netral
evaluasi kinerja tingkat layan,netral
orang adil tegak,netral
prosedur hukum ikut suai atur laku,netral
polisi suai tugas fungsi,netral
orang hak layan polisi,netral
tertib masyarakat cipta,netral
reformasi institusi butuh proses,netral
teknologi bantu polisi tingkat kinerja,netral
komunikasi masyarakat polisi tingkat percaya,netral
langsung selesai singkat,netral
tegak hukum jalan suai prinsip adil,netral
lapor proses suai mekanisme,netral
sinergi polisi masyarakat,netral
aman nyaman masyarakat prioritas,netral
tugas utama polisi jaga tertib lindung warga,netral
kritik bangun bantu baik sistem,netral
urus polisi kayak main judi aman celaka,takut
takut tidak adil rakyat,takut
rekam jadi jalan takut tangkap,takut
tidak lapor kabur aja,takut
takut marah,takut
takut jadi suruh amai tidak benar,takut
dengar cerita seram polisi takut,takut
polisi lingkung tenang panik,takut
takut kena salah,takut
tidak berani komentar takut bumerang,takut
jadi aneh tahan bikin was banget,takut
tilang takut urus,takut
seram temu polisi muka galak,takut
lapor hilang takut suruh bayar,takut
lapor takut tidak proses,takut
operasi polisi jalan deg degan,takut
tidak percaya takut urus,takut
takut lihat berita polisi korupsi,takut
takut korban salah tangkap,takut
polisi patroli rasa tidak tenang,takut
hukum lindung takut,takut
takut atur berat rakyat,takut
lihat polisi obrol preman bingung percaya,takut
rahasia hilang motor lapor polisi hilang mobil biadab,marah
pecat oknum polisi,marah
seram polisi bawa senjata aman tegang,takut
jadi tidak masuk akal bikin takut,takut
tidak ngerti temu polisi main ancam,takut
takut orang salah paksa ngaku,takut
hilang seram banget sistem,takut
viral proses tidak iya biar bikin ngeri,takut
protes takut akibat,takut
takut tahu rekam jadi,takut
polisi milik peran jaga aman tertib,netral
layan cepat efisien tingkat percaya masyarakat,netral
lapor masuk proses suai prosedur hukum laku,netral
koordinasi polisi masyarakat cipta lingkung aman,netral
teknologi bantu tingkat efektivitas kinerja polisi layan publik,netral
sosialisasi atur hukum masyarakat cegah langgar,netral
evaluasi kala kinerja polisi tingkat profesionalisme,netral
suluh aman bantu tingkat sadar hukum masyarakat,netral
kuat sistem awas internal tingkat transparansi polisi,netral
layan publik optimal prioritas utama polisi,netral
tindak polisi suai kode etik standar prosedur laku,netral
polisi responsif bantu selesai hukum cepat,netral
kolaborasi instansi tingkat efektivitas tegak hukum,netral
transparansi proses tangan cegah muncul spekulasi negatif,netral
bina lanjut personel polisi jaga profesionalisme,netral
polisi jalan tugas independen intervensi,netral
lapor digital bantu masyarakat akses cepat layan polisi,netral
libat komunitas jaga aman bantu tugas polisi,netral
aman tertib jaga sinergi polisi masyarakat,netral
polisi milik tanggung jaga stabilitas sosial aman nasional,netral
tidak viral tidak urus gila,marah
lapor pingpong mengapa polisi,marah
lihat polisi tenang langsung emosi,marah
hukum negeri rakyat,marah
duit aman tidak korban,marah
kerja rakyat bos bos doang,marah
capek lihat drama hukum negara,marah
aja berita polisi masalah,marah
rakyat salah langsung tindak bebas,marah
udah rusak sistem tidak percaya,marah
bosan lihat sok benar kamera,marah
sebel banget gede ujung ujung hilang,marah
sih tidak malu ragam,marah
mending ajar arti adil,marah
korup bebas jujur sulit,marah
tidak uang koneksi harap adil,marah
keluarga tabrak lari kecewa lapor polisi direspon,sedih
kelar kerja keras polisi rakyat marah,marah
sok suci laku kayak preman,marah
tidak ubah aja,marah
ragam gaya gaya kerja benar,marah
hukum tajam tumpul udah muak dengar,marah
tidak sih kerja pakai hati nurani,marah
orang bayar pajak gaji kerja bikin rakyat sengsara,marah
rakyat anggap musuh,marah
kerja penting mending mundur aja,marah
kesel banget tangkap salah main gertak rakyat,marah
susah banget cari polisi jujur,marah
susah kerja benar sari untung pribadi,marah
sistem emang udah bobrok,marah
polisi lindung kriminal,marah
tidak malu sumpah jabat,marah
janji tinggal janji praktek nol,marah
tidak rakyat sok kuasa,marah
udah bosan dengar alas klasik,marah
gaji gede laku tidak bangga,marah
percaya,marah
udah tahu salah les jago atlet lari,marah
polisi rakyat juang,marah
benar bikin darah dengar,marah
jaga nama institusi bikin malu,marah
ragam simbol adil simbol takut,marah
tidak ubah aja bobrok,marah
rakyat udah muak main kayak,marah
serius kerja itu rakyat sari untung,marah
tidak kasih adil iya mundur aja sok kuasa,marah
sih alas suruh kerja benar tugas,marah
udah tau salah aja sok benar gimana rakyat percaya,marah
kerja sih dite,marah
heran rakyat hilang percaya laku bikin,marah
hukum negeri dagang bayar menang,marah
aja ilang jejak udah capek liat drama,marah
garang urus rakyat berani tidak lawan,marah
kali aja bikin darah,marah
rakyat salah langsung hukum oknum polisi salah lindung,marah
lapor hilang sulit kerja,marah
aneh orang kaya kena hukum lunak banget,marah
sok kerja rugi rakyat,marah
rakyat biar tunggu adil tidak,marah
kerja itu lindung rakyat tambah,marah
mentang seragam atur,marah
percaya hukum pasrah sistem udah rusak,marah
hukum ujung ujung beli duit,marah
bantu rakyat bikin ribat,marah
harap bikin takut,marah
lihat berita bikin hilang harap adil,marah
kecewa kinerja polisi lambat kembang,sedih
kecewa banget polisi,sedih
sumpah jabat formalitas doang bukti laku,marah
seragam bikin tenang bikin curiga,marah
ragam gaya gaya benar sistem hukum udah bobrok,marah
jago urus asih alas kerja benar tidak,marah
gede ujung ujung rakyat suruh abar tidak hasil,marah
buat salah kena hukum adil,marah
kasus libat jabat deh lambat proses,marah
sumpah heran banget gimana sih santai bikin rakyat sengsara,marah
rakyat lawan bilang langgar hukum langgar kasih sanksi ringan,marah
bilang reformasi bobrok,marah
lapor suruh amai aja polisi,marah
drama ilangnya barang bukti ersangka kabur,marah
susah percaya sistem hukum jalan aja tidak sikap adil,marah
hukum negeri duit,marah
tidak malu berita buruk polisi,marah
tugas sih laku tidak suai harap rakyat,marah
lihat ragam bikin marah bangga,marah
rakyat cari adil dite gila sih,marah
hormat kerja benar modal ragam,marah
gaji pajak rakyat rugi rakyat ironis banget,marah
tidak harap hukum aparat main,marah
dunia hukum kayak panggung sandiwara jago akting menang,marah
rakyat salah langsung adil salah proses kayak keong,marah
citra media rakyat butuh bukti nyata,marah
contoh buruk laku,marah
tidak kunjung selesai bukti sistem udah gagal total,marah
polisi jujur kasihan banget kerja sistem kayak begini,percaya
percaya polisi indonesia,percaya
polisi jujur,percaya
masyarakat percaya lindung,percaya
semangat polisi percaya lindung,percaya
marah banget lihat tidak kelar,marah
brengsek hukum negeri uang,marah
kesal lihat oknum bebas hukum,marah
jengkel kali lihat berita,marah
benci banget sistem adil,marah
muak janji palsu polisi bukti,marah
geram lihat salah lindung,marah
emosi kali polisi alas,marah
dendam polisi adil,marah
darah lihat laku polisi,marah
marah adil ilusi negeri,marah
brengsek rakyat korban,marah
kesal lihat hilang,marah
jengkel banget polisi diam,marah
benci banget tidakadil biar,marah
geram lihat dite,marah
kecewa polisi tetap sangka salah,sedih
lindung,percaya
emosi banget senyap,marah
dendam lihat polisi indak semena pena,marah
marah,marah
kesal lihat rakyat sulit,marah
brengsek hukum adil,marah
benci banget sistem hukum bobrok,marah
muak citra aksi nyata,marah
geram lihat aparat pikir,marah
emosi kali tuntas,marah
dendam tidakadil ulang,marah
marah lihat koruptor bebas santai,marah
kesal salah lindung,marah
senang banget lihat polw,senang
brengsek polisi korup rakyat sengsara,marah
kesal polisi abai jahat,marah
jengkel lihat polisi main keras,marah
muak lihat polisi hobi intimidasi rakyat,marah
emosi polisi salah guna senjata wenang,marah
jengkel lihat polisi sibuk kejar tilang tangkap koruptor,marah
benci banget polisi tutup salah,marah
dendam polisi jujur,marah
brengsek viral polisi tindak,marah
jengkel polisi pura,marah
benci banget lihat polisi becus,marah
muak alas polisi ubah ubah,marah
dendam lihat polisi bebas hukum bukti salah,marah
marah lihat polisi lindung koruptor,marah
jengkel lihat atur untung polisi,marah
tugas polisi tegak hukum bangun percaya publik,netral
evaluasi kala kinerja polisi langkah baik,netral
layan cepat transparan kunci percaya masyarakat polisi,netral
tugas polisi tegak hukum adil,netral
benci lihat polisi lindung penting jabat,marah
jengkel lihat polisi kritik kerja amburadul,marah
benci polisi modal ragam integritas,marah
dendam polisi hati nurani,marah
jengkel lihat bukti proses,marah
bangga polisi penuh hati,senang
senang polisi profesional,senang
polisi jujur bikin hati tenang,senang
salut polisi jaga adil,senang
terima kasih polisi tugas,senang
senang polisi bantu masyarakat,senang
polisi sigap rakyat aman,senang
polisi adil bikin masyarakat bahagia,senang
bangga polisi bijak,senang
polisi cepat keren,senang
hati senang polisi layan tulus,senang
terima kasih lindung,senang
polisi ramah bikin nyaman,senang
bahagia polisi jalan tugas,senang
salut polisi tebang pilih,senang
senang polisi sigap responsif,senang
kinerja polisi terus,senang
polisi hati,senang
masyarakat bangga polisi profesional,senang
aman polisi siaga,senang
polisi jujur bangga bangsa,senang
senyum polisi jalan bikin cerah,senang
polisi hadir jahat turun hebat,senang
bahagia polisi tegak hukum adil,senang
haru polisi bantu warga,senang
polisi disiplin bikin masyarakat kagum,senang
polisi milik peran jaga aman masyarakat,netral
layan cepat responsif harap masyarakat,netral
institusi milik tantang jalan tugas,netral
evaluasi rutin kinerja polisi optimal,netral
pasti hukum gantung tegak transparan adil,netral
lapor masyarakat tindaklanjut suai prosedur laku,netral
polisi dasar hukum atur tetap,netral
latih kembang tingkat profesionalisme,netral
koordinasi antarinstansi bantu efektivitas kinerja polisi,netral
tegak hukum bebas penting,netral
sadar hukum masyarakat peran dukung tugas polisi,netral
modernisasi alat sistem polisi tingkat efektivitas kerja,netral
program kerja polisi sosialisasi masyarakat paham peran,netral
tindak polisi dasar bukti prosedur,netral
partisipasi publik awas bantu jaga kredibilitas polisi,netral
aman wilayah salah indikator hasil kinerja polisi,netral
tingkat integritas personel jaga percaya publik,netral
kolaborasi bantu tugas polisi efektif,netral
masyarakat layan transparan akuntabel polisi,netral
tegak atur suai tentu laku,netral
bahagia polisi masyarakat,senang
polisi cepat tanggap hasil nyata,senang
polisi tanggung bikin negara maju,senang
masyarakat senang polisi aktif jaga tertib,senang
takut jelas,takut
polisi takut malam,takut
seram lihat polisi lindung tindak,takut
takut lapor anggap angin,takut
rinding lihat aparat salah guna kuasa,takut
polisi lambat tindak takut kasus hilang,takut
hukum kuasa ngeri,takut
deg degan temu razia tidak salah,takut
takut adil mimpi negeri,takut
polisi bikin aman waswas,takut
ngeri lihat tidak selesai,takut
takut suara rakyat bungkam mudah,takut
tidak aman polisi,takut
polisi hadir korban jahat,takut
polisi bikin tenang bikin cemas,takut
khawatir lapor meja tindak,takut
takut salah lindung,takut
seram lihat jahat rajalela aparat,takut
takut hukum beli,takut
polisi diam rakyat takut bicara,takut
korban polisi abai,takut
orang takut lapor polisi,takut
tidak aman jahat biar,takut
takut laku jahat lindung korban,takut
polisi santai jahat,takut
takut transparansi tangan,takut
polisi bikin tenang bikin ragu,takut
ngeri polisi diam,takut
polisi biar rakyat tidak hidup takut,takut
aman ragu polisi tidak tindak cepat,takut
takut polisi takut jahat,takut
takut polisi gerak viral,takut
sulit percaya jahat ulang aparat,takut
ngeri berani bicara kriminalisasi,takut
korban sia lamban aparat,takut
takut hilang,takut
polisi biar rakyat aman,takut
takut hukum tajam,takut
ragu hukum jalan intervensi,takut
takut hukum belok suka hati,takut
ngeri lihat tidak temu titik terang,takut
polisi lindung tambah takut,takut
khawatir tegak hukum ilusi,takut
takut korban tidak adil laku bebas keliar,takut
aman tidak polisi lambat tindak,takut
polisi sigap biar rakyat tidak cemas,takut
seram lihat ujung diam,takut
polisi transparan biar percaya publik tidak hilang,takut
ngeri aparat pihak kuasa rakyat,takut
sedih hukum pihak rakyat,sedih
polisi adil,sedih
miris jahat aparat,sedih
polisi lambat tindak rakyat butuh,sedih
kecewa tenggelam,sedih
pedih korban adil,sedih
polisi lindung aman,sedih
sedih hukum tajam,sedih
rakyat tangis adil,sedih
selesai,sedih
polisi hadir aman,sedih
miris butuh lindung abai,sedih
susah percaya lapor polisi proses,sedih
hati hancur benar abai,sedih
sedih aparat harap rakyat,sedih
hukum main kuasa,sedih
harap polisi diam,sedih
kecewa hukum negeri seakan formalitas,sedih
polisi solusi tambah,sedih
hukum ilusi,sedih
miris aparat peduli citra rakyat,sedih
adil tunggu viral,sedih
korban tunggu pasti polisi lamban,sedih
polisi ramah langsung maaf bantu,percaya
sedih rakyat hilang percaya hukum,sedih
kecewa juang benar dite,sedih
hati sakit jahat biar,sedih
polisi lindung sumber takut,sedih
adil sulit,sedih
kecewa adil,sedih
tambah selesai lambat,sedih
rakyat tangis polisi diam,sedih
harap hukum main,sedih
jahat ulang solusi,sedih
miris aparat tutup mata derita rakyat,sedih
polisi lindung resah,sedih
lapor hasil,sedih
sedih benar kalah penting,sedih
percaya adil duit,sedih
hukum tajam sakit,sedih
lelah harap ubah,sedih
polisi dengar jerit rakyat atas,sedih
miris selesai tumpuk,sedih
rakyat korban,sedih
polisi lamban rakyat butuh bantu,sedih
sedih hilang nyawa jelas hukum,sedih
polisi adil sulit temu,sedih
hati hancur aparat andal,sedih
korban butuh lindung lapor abai,sedih
harap hukum pihak kuat,sedih
hilang,sedih
polisi gerak cepat tekan publik,sedih
kecewa berani bicara bungkam,sedih
polisi rakyat lawan rakyat,sedih
sedih hukum kertas,sedih
percaya kikis selesai,sedih
polisi diam rakyat derita,sedih
lapor tindak nyata,sedih
miris hukum pasti korban,sedih
polisi takut hantu,sedih
sedih tidakadil rajalela,sedih
adil kuasa,sedih
polisi solusi tambah luka,sedih
suara rakyat abai,sedih
miris orang jujur jadi sangka,sedih
seviral tindak,sedih
sedih dite,sedih
polisi hadir jahat rajalela,sedih
susah percaya selesai,sedih
hukum adil sakit jahat,sedih
rakyat tangis pasti hukum,sedih
miris bukti proses larut larut,sedih
polisi janji baik citra nyata,sedih
kecewa hukum panggung sandiwara,sedih
sedih harap rakyat main sistem,sedih
adil langka mahal,sedih
polisi lindung sumber sedih,sedih
harap ubah kecewa,sedih
aman sulit,sedih
miris hukum main kuasa,sedih
masyarakat kecewa polisi,sedih
orang kecewa polisi,sedih
sedih lapor anggap angin,sedih
polisi bantu rumit,sedih
kecewa bukti tindak,sedih
harap hilang hukum percaya,sedih
ujung tumpuk,sedih
sedih aparat sibuk citra tindak,sedih
polisi tunda korban lupa,sedih
lapor viral proses miris,sedih
tugas lindung takut,sedih
adil gelintir orang,sedih
polisi lupa rakyat,sedih
sedih peduli jabat masyarakat,sedih
miris rakyat harap pasti,sedih
polisi lambat tindak nyawa taruh,sedih
janji baik realitanya,sedih
aman lindung diam,sedih
korban tambah solusi kunjung,sedih
polisi janji hilang,sedih
percaya kikis usaha baik,sedih
korban juang cari adil,sedih
polisi cepat tangkap kritik tangkap jahat,sedih
sedih hukum main lelucon,sedih
polisi sulit temu,sedih
kecewa bela sakit,sedih
hukum beli guna adil,sedih
miris rakyat teriak dengar,sedih
polisi harap sumber takut,sedih
lapor abai,sedih
hukum tumpul tajam sedih,sedih
polisi ayom tambah luka,sedih
harap kecewa,sedih
polisi sadar percaya rakyat abadi,sedih
moga layan polisi depan,netral
polisi tugas berat moga amanah jalan,netral
tegak hukum adil masyarakat percaya,netral
baik sistem polisi,netral
moga koordinasi polisi masyarakat kuat,netral
kinerja polisi transparansi publik nilai objektif,netral
polisi hadir pasti ketidakpastian,sedih
tindas salah lindung,sedih
polisi kembali percaya rakyat hilang,sedih
adil hak orang koneksi,sedih
takut lapor korban,takut
takut polisi jahat,takut
hukum main nasib orang,takut
polisi lindung bikin was,takut
takut bicara jujur ujung,takut
gimana percaya lapor abai,takut
rakyat takut urus polisi,takut
ngeri lihat hilang,takut
takut tidakadil,takut
harap anggota polisi milik hati nurani,percaya
takut lapor polisi,takut
hukum berat rakyat,takut
hilang bukti lenyap percaya,takut
takut adil,takut
respons cepat tangan lapor tingkat percaya masyarakat,netral
polisi ayom masyarakat tingkat layan,netral
aman tertib tanggung polisi,netral
masyarakat polisi dukung lingkung aman,netral
takut hukum tajam tumpul,takut
korban salah ngeri cari adil,takut
disiplin internal polisi jaga integritas institusi,netral
berani lapor takut sangka,takut
takut adil kuasa,takut
jahat bebas keliar ngeri hidup,takut
aparat salah guna wenang lindung,takut
polisi diam tidakadil,takut
takut bicara bungkam,takut
miris masyarakat takut percaya aparat,takut
viral hilang,takut
takut jahat lindung wenang,takut
susah percaya hukum ubah arah,takut
ngeri aparat buat konsekuensi,takut
rakyat menang mata hukum hukum,takut
takut lihat berita aparat suka hukum,takut
lawan jahat berat berat aparat main,takut
takut biasa hukum timpang,takut
percaya jahat rajalela,takut
percaya polisi harap adil,percaya
integritas polisi pondasi utama percaya publik,percaya
teknologi bantu polisi tingkat efektivitas tugas,netral
profesional polisi aman masyarakat aktivitas,netral
percaya reformasi polisi bawa ubah positif,percaya
polisi tanggung hormat rakyat,percaya
percaya polisi baik citra kerja nyata,percaya
pasti hukum wujud polisi jujur,percaya
aman masyarakat tangan polisi tulus,percaya
polisi pilar adil negeri,percaya
polisi setia sumpah hormat rakyat,percaya
percaya polisi pamrih,percaya
polisi profesional harap sistem hukum,percaya
polisi bawa aman masyarakat,percaya
adil wujud polisi transparansi,percaya
percaya masyarakat polisi jaga,percaya
polisi prinsip jujur dukung,percaya
percaya polisi rakyat,percaya
polisi pihak benar,percaya
percaya polisi ubah positif,percaya
polisi profesional bawa aman rakyat,percaya
percaya polisi bangun percaya masyarakat,percaya
polisi tindak oknum ormas,percaya
polisi pakai sogok makan,marah
adi polisi laku peras,marah
brengsek polisi gerak,marah
pecat orang polisi gagal,marah
polisi fungsi,netral
harap polisi tangkap milik akun,percaya
kesal polisi uang urus,marah
kasihan polisi benar jujur,sedih
sumpah iya polisi sih,netral
polisi tolol banget,marah
polisi panjang polisi kumpul orang licik indonesia,marah
senang anak yatim kota diri ajak polisi belanja baju lebaran mall,senang
aparat polisi bangsat,marah
bangga polisi simpati orang,senang
polisi isi oknum,marah
polisi tangkap tindak laku aniaya anak,percaya
polisi goblok,marah
sikap polisi kecewa,sedih
polisi hati hormat,percaya
percaya rakyat kuat polisi benah,percaya
polisi simbol adil sungguh,percaya
polisi tanggung hati rakyat,percaya
polisi jaga adil,percaya
percaya polisi,percaya
hukum jalan polisi penuh tanggung,percaya
polisi disiplin bawa ubah negeri,percaya
polisi lindung masyarakat penuh hati,percaya
polisi jujur dukung rakyat,percaya
percaya polisi berantas jahat,percaya
polisi berani tegak benar pahlawan rakyat,percaya
percaya polisi jaga aman,percaya
polisi garda depan cipta tertib masyarakat,percaya
integritas polisi harga bangsa,percaya
polisi usaha baik sistem tegak hukum,percaya
polisi cepat tindak viral,marah
gue sedih banget kinerja polisi,sedih
aman jamin polisi penuh dedikasi,percaya
percaya polisi tindak jahat pandang bulu,percaya
polisi profesionalisme hormat,percaya
polisi kuat cipta aman masyarakat,percaya
polisi kembali percaya masyarakat kerja nyata,percaya
polisi jalan tugas hati nurani hormat rakyat,percaya
jujur polisi kunci utama bangun percaya publik,percaya
percaya polisi cipta suasana aman kondusif,percaya
harap polisi komitmen berantas bentuk jahat,percaya
rakyat butuh polisi panutan tegak hukum,percaya
percaya polisi transparan tangan,percaya
berani polisi lawan tidakadil patut apresiasi,percaya
polisi jalan tugas intervensi mana,percaya
polisi pegang teguh prinsip adil dukung rakyat,percaya
percaya reformasi polisi bawa dampak positif hukum,percaya
polisi humanis masyarakat,percaya
polisi tindak adil percaya publik,percaya
polisi aman,percaya
polisi tanggung harap bangsa,percaya
percaya polisi tangan cepat,percaya
harap polisi setia tugas lindung rakyat,percaya
polisi humanis hormat masyarakat,percaya
harap polisi jaga adil diskriminasi,percaya
polisi salah guna wenang dukung rakyat,percaya
polisi harap hukum,percaya
polisi bersih transparan bawa ubah positif bangsa,percaya
bangga polisi keras jaga aman masyarakat,senang
senang polisi jujur tanggung tugas,senang
polisi hati nurani patut apresiasi,senang
bahagia polisi profesional tangan,senang
hati tenang polisi hadir masyarakat,senang
kerja polisi lingkung kondusif,senang
apresiasi polisi utama adil,senang
senang polisi bantu rakyat pandang bulu,senang
bangga polisi depan integritas tugas,senang
polisi transparan bukti maju tegak hukum negeri,senang
bahagia polisi humanis layan masyarakat,senang
polisi korupsi harap bangsa,senang
polisi responsif lapor warga,senang
salut polisi hadir rakyat butuh bantu,senang
hukum jalan polisi,senang
berani polisi tindak jahat patut apresiasi,senang
bangga polisi berani lawan praktik korupsi,senang
kecewa marah polisi lanjut,marah
polisi bantu,percaya
kecewa tindak polisi,sedih
kecewa polisi rumit,sedih
kecewa polisi tangkap laku,sedih
laku serang kunjung tangkap rakyat kecewa polisi,sedih
tiga korban persekusi aku kecewa kepala pos polisi,sedih
polisi jujur adil,percaya
sungguh adil brengsek polisi,marah
jujur adil iya polisi moga amanah sukses,percaya
aparat polisi jaga aman damai,percaya
keren polisi jaga milu aman damai jujur adil,senang
polisi usut proses adil,percaya
polisi biang,marah
polisi amanah jujur adil,percaya
polisi peduli masyarakat percaya penuh,senang
bangga polisi layan rakyat penuh hati,senang
polisi cepat tanggap tugas inspirasi,senang
sungguh senang polisi bersih transparan,senang
polisi integritas hati masyarakat,senang
hebat polisi sigap tangan situasi darurat,senang
polisi cerdas inovatif bawa angin segar,senang
polisi adil hati masyarakat,senang
bangga polisi ayom rakyat penuh tulus,senang
polisi pamrih pahlawan jati bangsa,senang
salut polisi aktif bangun hubung rakyat,senang
polisi tindak langgar hukum layak harga,senang
lapor biar,marah
polisi takut,takut
polisi ayom masyarakat bangga rakyat indonesia,percaya
sakit hati kalau kinerja polisi negara,sedih
bangga kinerja polisi,senang
terima kasih polisi wanita,senang
lapor tindaklanjut biar masyarakat aman,netral
terima kasih kinerja polisi,senang
terima kasih polisi bu polisi standby malam,senang
polisi lindung sumber ketidakadilan,sedih
kali razia patroli cemas salah,takut
polisi jujur amanah keren banget moga kayak gitu,percaya
sidik suai tingkat kompleksitas,netral
polisi milik wenang tindak langgar lintas,netral
anggota polisi milik tanggung jalan tugas,netral
polisi regulasi tetap perintah,netral
tindak aparat suai hukum laku,netral
jadi takut kena imbas,takut
tidak hormat,marah
heran kerja urus rakyat doang,marah
benar deh tidak viral polisi tidak peduli rakyat,marah
seram adil negosiasi,takut
polisi aman sea hilang,sedih
sedih hukum pihak lemah,sedih
polisi janji tegak hukum nyata beda,sedih
sedih lenyap,sedih
aneh,takut
takut hukum tunduk uang kuasa,takut
baik sektor polisi bawa dampak positif masyarakat,netral
lapor masyarakat tindaklanjut suai prosedur,netral
polisi profesional bawa dampak sistem hukum,netral
percaya polisi abdi rakyat,percaya
rakyat butuh polisi percaya andal,percaya
polisi tegak hukum,percaya
percaya masyarakat tanggung jaga polisi,percaya
percaya hukum tegak polisi jujur,percaya
polisi transparan dukung rakyat,percaya
harap polisi penuh dedikasi,percaya
berani polisi tegak adil patut apresiasi,percaya
polisi hati rakyat,percaya
polisi simbol lindung jaga,percaya
polisi panutan tegak hukum,percaya
takut sistem hukum baik,takut
takut bicara ujung ancam,takut
takut tidakadil anggap wajar,takut
hukum percaya,takut
takut alas bukti nyata,takut
polisi andal bantu,takut
takut dite habis habis,takut
statistik,takut
takut bukti tindak,takut
polisi hadir lindung sumber takut,takut
ngeri sistem lahir tidakadil,takut
sentuh langsung hukum,takut
takut hukum pihak kaya,takut
polisi janji reformasi,takut
hukum formalitas,takut
percaya polisi tegak adil adil,percaya
moga polisi integritas jaga percaya rakyat,percaya
polisi hati nurani,percaya
polisi jujur hati masyarakat,percaya
percaya hukum tegak pandang bulu,percaya
harap polisi lindung lemah,percaya
percaya rakyat aset besar polisi,percaya
polisi baik negeri,percaya
polisi garda depan jaga tertib masyarakat,percaya
jujur polisi harap hukum negeri,percaya
polisi aman cemas,takut
kecewa polisi,sedih
terang kecewa polisi,sedih
sedih marah kecewa rakyat adu,sedih
tolong bukti hoax bukti valid biar rakyat percaya,percaya
polisi batal konser ahmad dhani ribu serta kecewa,sedih
moga citra buruk,marah
kecewa kuasa polisi,sedih
harap kecewa polisi,sedih
lindung rakyat bikin takut,marah
polisi transparan rakyat percaya,senang
polisi hati kenang jasa,senang
bangga polisi sigap tolong,senang
hebat polisi buka terima kritik masuk rakyat,senang
polisi bawa dampak bangsa,senang
polisi bersih amanah dukung penuh rakyat,senang
polisi banget bantu sekolah,senang
polisi bajing berani kalau pegang senjata doang,marah
allah sedih kecewa marah polisi,sedih
kecewa sakit hati polisi,sedih
kecewa banget sikap polisi,sedih
kecewa polisi intel bilang sabar,sedih
siti rusmini kecewa lapor keras rumah tangga endap kantor polisi,sedih
segel mobil box kirim surat suara rusak bawaslu kecewa polisi kawal kirim suara,sedih
alam urus tilang kecewa polisi,sedih
rakyat tenang polisi,senang
salut polisi usaha cipta lingkung aman,senang
aman jamin berkat kerja keras polisi dedikasi,senang
senang polisi transparan,senang
polisi jujur bawa harap masyarakat,senang
polisi buruk jalan tugas,netral
profesionalisme tugas polisi hormat,netral
aman tertib butuh kerja tugas polisi,netral
individu polisi tanggung jaga citra institusi,netral
senang polisi inovatif tangan aman,senang
polisi disiplin profesional bangga bangsa,senang
polisi benah cinta rakyat,senang
senyum polisi ramah masyarakat,senang
polisi rakyat kecewa,sedih
korban kecewa polisi henti duga cabul anak,sedih
kecewa tangan polisi nilai,sedih
kecewa polisi henti kepala sekolah cabul,sedih
panitia kecewa polisi hadang serta kota gabung,sedih
kecewa kost maling lapor kantor polisi angkat,sedih
tampil henti polisi sheila on kecewa toleransi aparat,sedih
kecewa aja liat polisi,sedih
kecewa jalan polisi,sedih
kecewa kinerja polisi,sedih
kecewa polisi malas ungkap jahat,sedih
terima kasih polisi,senang
takut hukum main,takut
rakyat butuh polisi junjung nilai adil,percaya
polisi transparan jalan tugas percaya publik,percaya
polisi penuh integritas,percaya
percaya polisi ujung tombak lawan jahat,percaya
polisi berani tolak korupsi dukung rakyat,percaya
polisi usaha,percaya
percaya rakyat polisi kuat jujur,percaya
polisi tingkat profesionalisme tugas,percaya
polisi rakyat mudah jalan tugas,percaya
percaya hukum jalan polisi jujur,percaya
